Name,Material,Spec,Quantity,Unit,Remarks,Time
,配件,弹片,56000,个,,2020-07-06 13:22:09
,配件,角码（银色B片，1.0厚）,25000,个,,2020-07-06 13:21:14
,配件,方形挂钩（银色）,45000,个,,2020-07-06 13:20:24
,型材,PF16-20（宽）*40（高）-3.02米,553,根,,2020-07-06 13:04:47
,铝合金,ZA33-铬化（3.07米）,1064,根,,2020-06-29 13:59:16
,方料,20*40-3.06米,828,根,,2020-06-29 13:58:15
,型材,LF02-30*50-3.06米,827,根,,2020-06-29 13:56:46
,型材,PF12-22*20-3.02米,1080,根,,2020-06-29 13:48:00
,型材,LF03-30*35（5）-3.02米,1079,根,,2020-06-29 13:47:10
,型材,PF04-15*28-3.02米,999,根,,2020-06-29 13:45:22
,型材,LF01-25*45-3.02米,998,根,,2020-06-29 13:44:40
,配件,螺丝银色（6*6）,100000,颗,,2020-06-29 11:21:04
,配件,螺丝白锌（5*5）,1120000,颗,,2020-06-29 11:11:40
,配件,螺丝白锌（6*5）,40000,颗,,2020-06-29 11:10:33
,配件,方形挂钩（银色）,131800,个,,2020-06-29 11:07:15
,配件,角码（银色B片，1.0厚）,131500,个,,2020-06-29 11:06:08
,配件,角码（银色A片，2.3厚）,238000,个,,2020-06-29 11:05:05
,辅料,无纺布（80cm*10克）,18,卷,,2020-06-29 10:32:54
,辅料,珍珠棉,15,卷,,2020-06-29 10:32:10
,胶水,PUR胶,6,桶,,2020-06-29 10:31:32
,胶水,EVA胶,43,袋,,2020-06-29 10:31:04
,型材,PF36-15*80(15*110),100,个,,2020-06-29 10:04:49
,型材,PF36-15*80(15*90),200,个,,2020-06-29 10:04:03
,纸箱,切割小纸箱（软）3300*170*120,461,个,,2020-06-25 12:48:28
,纸箱,330*170*120软,461,个,,2020-06-25 12:38:30
,纸箱,小纸箱（硬）3300*160*110,661,个,,2020-06-25 12:36:32
,纸箱,大纸箱3300*210*170,1870,个,,2020-06-25 12:36:07
,型材,PF02-20*35-3米,5781,根,,2020-06-25 12:28:35
,型材,PF03-15*35-1.9米,13817,根,,2020-06-25 12:26:00
,型材,LF03-30*35（7）-3.02米,88,根,,2020-06-25 12:23:04
,型材,LF03-30*35（5）-3.06米,1103,根,,2020-06-25 12:22:37
,型材,LF03-30*35（5）-3.02米,1956,根,,2020-06-25 12:19:39
,型材,LF02-30*50-3.06米,480,根,,2020-06-25 12:18:58
,型材,LF02-30*50-3.02米,3956,根,,2020-06-25 12:18:26
,型材,LF01-25*45-3.02米,100,根,,2020-06-25 12:17:54
,型材,YS108-20*35*-3.02米,260,根,,2020-06-25 12:16:56
,型材,PF26-28（宽）*21（高）-3.02米,252,根,,2020-06-25 12:16:18
,型材,PF23-18(宽）*40（高）-3.06米,1304,根,,2020-06-25 12:15:06
,型材,PF23-18（宽）*40（高）-3.02米,583,根,,2020-06-25 12:11:05
,型材,PF22-20（宽11.4）*40（高）-3.02米,433,根,,2020-06-25 12:10:34
,型材,PF09-20*50.8-3.02米,160,根,,2020-06-25 12:10:09
,型材,PF08-48*28-3.02米,615,根,,2020-06-25 12:09:41
,型材,PF07-28*48-3.02米,599,根,,2020-06-25 12:09:07
,型材,PF06-28*33-3.02米,968,根,,2020-06-25 12:08:30
,型材,PF05-15*40-3.02米,1216,根,,2020-06-25 12:07:46
,型材,PF04-15*28-3.02米,1610,根,,2020-06-25 12:07:12
,型材,PF01-18*33-3.02米,2470,根,,2020-06-25 12:06:50
,板材,奥松板（密度板）1220*2440*3mm,96,张,,2020-06-25 12:03:19
,方料,19*38-1.835米,1512,根,,2020-06-25 11:59:24
,方料,23*43-3.02米,3042,根,,2020-06-25 11:58:34
,方料,31*35.5-3.02米,3240,根,,2020-06-25 11:57:44
,方料,20*22-3.02米,1960,根,,2020-06-25 11:57:09
,方料,21*30-3.02米,4401,根,,2020-06-25 11:56:42
,方料,29*49-3.02米,10884,根,,2020-06-25 11:51:45
,方料,31*52.5-3.06米,3126,根,,2020-06-25 11:38:56
,方料,31*35.5-3.02米,409,根,,2020-06-25 11:31:14
,方料,31*35.5-3.06米,896,根,,2020-06-25 11:21:31
,方料,19*35（34）-3.02米,5038,根,,2020-06-25 11:03:30
,方料,21*30-3.02米,348,根,,2020-06-25 11:02:59
,方料,23*43-3.02米,664,根,,2020-06-25 11:02:30
,方料,29*34-3.02米,1188,根,,2020-06-25 11:01:57
,方料,25*47-3.02米,1000,根,,2020-06-25 11:00:40
,方料,31*36.5-3.02米,409,根,,2020-06-25 11:00:17
,方料,31*36.5-3.06米,896,根,,2020-06-25 10:59:47
,方料,16*43-3.02米,3920,根,,2020-06-25 10:59:10
,方料,21*62-3.02米,2656,根,,2020-06-25 10:58:43
,方料,19*42-3.02米（无指接松木）,1295,根,,2020-06-25 10:58:17
,方料,21*52-3.02米,1380,根,,2020-06-25 10:57:50
,方料,15*28-3.02米,2995,根,,2020-06-25 10:56:49
,方料,29*34-3.02米,1022,根,,2020-06-25 10:56:16
,方料,23*41-3.02米,1740,根,,2020-06-25 10:55:16
,方料,20*40-3.06米,1490,根,,2020-06-25 10:31:18
,方料,13*43-3.02米,1518,根,,2020-06-25 10:29:27
,方料,23*43-3.02米,1740,根,,2020-06-25 10:26:25
,方料,31*53-3.06米,3126,根,,2020-06-25 10:24:57
,方料,13*43-3.02米,3,根,,2020-06-25 10:21:47
,方料,LVL 21*19*2.43米,1152,根,,2020-06-25 10:19:26
,方料,21*22-3.02米,11615,根,,2020-06-25 10:05:10
,方料,15*35.5-3.02米,1550,根,,2020-06-25 10:04:26
,型材,PF31-20*22-12U-2.43米（LVL）,1094,根,,2020-06-25 09:44:03
,铝合金,350-喷砂三酸拉丝亮银（3.05米）,60,根,,2020-06-25 09:25:09
,铝合金,ZA43-浅灰砂纹（3.07米）,68,根,,2020-06-25 09:24:21
,铝合金,ZA32-喷砂拉丝亚黑（3.05米）,75,根,,2020-06-25 09:23:36
,铝合金,ZA32-喷砂拉丝亮金（3.05米）,64,根,,2020-06-25 09:22:49
,铝合金,ZA63-喷砂拉丝亮金（2.44米）,310,根,,2020-06-25 09:21:22
,铝合金,ZA61-喷砂拉丝亚银（3.05米）,157,根,,2020-06-25 09:20:48
,铝合金,ZA61-喷砂拉丝亚银（3.05米）,157,根,,2020-06-25 09:20:12
,铝合金,350-海蓝砂纹（3.07米）,72,根,,2020-06-25 09:18:40
,铝合金,350-桔黄砂纹（3.07米）,60,根,,2020-06-25 09:15:40
,铝合金,ZA33-喷砂拉丝亮金（3.05米）,1330,根,,2020-06-25 09:10:43
,铝合金,ZA33-喷砂拉丝亚黑（3.05米）,154,根,,2020-06-25 09:09:21
,铝合金,ZA72-喷砂拉丝亮金（3.05米）,6160,根,,2020-06-25 09:08:30
,铝合金,ZA72-喷砂拉丝亚黑（3.05米）,360,根,,2020-06-25 09:07:37
,铝合金,ZA64-喷砂拉丝亚黑（3.05米）,380,根,,2020-06-25 09:07:14
,铝合金,ZA34-白砂纹（3.07米）,410,根,,2020-06-25 09:05:01
,铝合金,ZA33-白砂纹（3.07米）,308,根,,2020-06-25 09:04:36
,铝合金,ZA32-白砂纹（3.07米）,12,根,,2020-06-25 09:03:56
,铝合金,ZA53-黑砂纹（3.07米）,52,根,,2020-06-25 09:02:05
,铝合金,508-喷砂拉丝亚银（3.05米）,210,根,,2020-06-25 08:58:36
,铝合金,508-喷砂拉丝亚银（3.05米）,1184,根,,2020-06-25 08:57:36
,铝合金,508-喷砂三酸拉丝亮银（3.05米）,90,根,,2020-06-25 08:56:57
,铝合金,508-喷砂拉丝亚黑（3.05米）,1610,根,,2020-06-25 08:56:17
,铝合金,508-喷砂三酸拉丝亮金（3.05米）,846,根,,2020-06-25 08:55:28
,铝合金,508-白砂纹（3.07米）,47,根,,2020-06-25 08:52:29
,铝合金,508-黑砂纹（3.07米）,304,根,,2020-06-25 08:46:06
,铝合金,508-灰砂纹（3.07米）,230,根,,2020-06-25 08:45:28
,铝合金,508-棕砂纹（3.07米）,340,根,,2020-06-25 08:44:35
,铝合金,320-喷砂三酸拉丝亮金（3.05米）,1500,根,,2020-06-25 08:44:03
,铝合金,320-喷砂拉丝亚黑（3.05米）,180,根,,2020-06-25 08:43:08
,铝合金,320-白砂纹（3.07米）,61,根,,2020-06-25 08:42:24
,铝合金,350-喷砂三酸拉丝亮金（3.05米）,419,根,,2020-06-25 08:41:53
,铝合金,350-喷砂三酸拉丝玫瑰金（3.05米）,1107,根,,2020-06-25 08:41:21
,铝合金,350-喷砂拉丝亚银（3.05米）,1075,根,,2020-06-25 08:40:21
,铝合金,350-喷砂拉丝亚黑（3.05米）,240,根,,2020-06-25 08:39:34
,铝合金,350-灰砂纹（3.07米）,390,根,,2020-06-25 08:38:57
,铝合金,350-浅咖色砂纹（3.07米）,1089,根,,2020-06-25 08:38:26
,铝合金,350-绿砂纹（3.07米）,540,根,,2020-06-25 08:37:02
,铝合金,350-咖色砂纹（3.07米）,146,根,,2020-06-25 08:36:26
,铝合金,350-黄砂纹（3.07米）,240,根,,2020-06-25 08:35:35
,铝合金,350-蓝砂纹（3.07米）,268,根,,2020-06-25 08:34:17
,铝合金,350-红砂纹（3.07米）,330,根,,2020-06-25 08:33:26
,铝合金,350-棕色砂纹（3.07米）,290,根,,2020-06-25 08:32:50
,铝合金,350-黑砂纹（3.07米）,230,根,,2020-06-25 08:32:05
,铝合金,350-白砂纹（3.07米）,1775,根,,2020-06-25 08:29:02
,铝合金,ZA55-白砂纹（3.07米）,166,根,,2020-06-25 06:42:16
,铝合金,ZA57-白砂纹（3.07米）,220,根,,2020-06-25 06:40:47
,铝合金,ZA57-铬化（3.07米）,220,根,,2020-06-25 06:36:22
,铝合金,ZA61-白砂纹（3.07米）,204,根,,2020-06-25 06:35:06
,铝合金,X350609-ZH(3.07米),560,根,,2020-06-25 06:28:42
,铝合金,320-铬化（3.07米）,2141,根,,2020-06-25 06:25:49
,铝合金,508-铬化（3.07米）,426,根,,2020-06-25 06:25:00
,铝合金,350-铬化（3.07米）,334,根,,2020-06-25 06:23:03
,铝合金,ZA33-铬化（3.07米）,84,根,,2020-06-25 06:22:16
,铝合金,ZA35-铬化（3.07米）,83,根,,2020-06-25 06:21:37
,铝合金,ZA57-铬化（3.07米）,916,根,,2020-06-25 06:20:48
,铝合金,ZA65 (P450637)-铬化（3.07米）,869,根,,2020-06-25 06:20:04
,铝合金,ZA64 (X240710)-铬化（3.07米）,1225,根,,2020-06-25 06:19:27
,铝合金,ZA44 (H220910)-铬化（3.07米）,1300,根,,2020-06-25 06:18:44
,铝合金,ZA56 (X400922)-铬化（3.07米）,1160,根,,2020-06-25 06:17:44
,铝合金,ZA36 (X311215)-铬化（3.07米）,1212,根,,2020-06-25 06:16:46
,铝合金,P400900(圆）-不时效（1.93）,1000,根,,2020-06-25 06:16:03
,铝合金,P400900(圆）-不时效（3.07）,2039,根,,2020-06-25 06:15:13
,铝合金,ZA45 (H490737)-铬化（3.07米）,1170,根,,2020-06-25 06:14:14
,铝合金,ZA29 (H381122)-铬化（3.07米）,1180,根,,2020-06-25 06:13:22
,铝合金,ZA58 (P400622)-铬化（3.07米）,1292,根,,2020-06-25 06:11:47
,铝合金,508-喷砂三酸拉丝亮银（3.05米）,30,根,,2020-06-25 05:55:24
,铝合金,ZA58 (P400622)-铬化（3.07米）,55,根,,2020-06-25 05:45:49
,铝合金,ZA45 (H490737)-铬化（3.07米）,17,根,,2020-06-25 05:42:58
,铝合金,ZA44 (H220910)-铬化（3.07米）,4,根,,2020-06-25 05:42:14
,铝合金,320-喷砂拉丝亚银（3.05米）,131,根,,2020-06-25 05:00:26
,铝合金,350-蓝砂纹（3.07米）,48,根,,2020-06-22 08:49:28
,铝合金,350-红砂纹（3.07米）,337,根,,2020-06-22 08:44:14
,铝合金,350-蓝砂纹（3.07米）,198,根,,2020-06-22 08:43:36
,铝合金,350-黑砂纹（3.07米）,230,根,,2020-06-22 08:43:10
,铝合金,350-灰砂纹（3.07米）,392,根,,2020-06-22 08:42:42
,铝合金,350-绿砂纹（3.07米）,540,根,,2020-06-22 08:42:17
,铝合金,350-白砂纹（3.07米）,1530,根,,2020-06-22 08:41:50
,铝合金,508-铬化（3.07米）,456,根,,2020-06-21 13:38:13
,方料,21*35.5-3.02米,989,根,,2020-05-15 04:09:49
,方料,19*35（34）-3.02米,10605,根,,2020-05-15 04:09:08
,铝合金,350-喷砂拉丝亚黑（3.05米）,1088,根,,2020-05-15 03:52:50
,型材,PF36-15*80（2.44米）,750,根,,2020-04-18 07:27:48
,铝合金,ZA57-铬化（3.07米）,868,根,,2020-04-18 06:46:04
,型材,PF01-18*33-3.02米,1520,根,,2020-04-18 06:43:13
,配件,螺丝银色（6*6）,50000,颗,,2020-04-18 06:38:50
,型材,PF31-20*22-12U-2.43米（LVL）,1143,根,,2020-04-18 06:35:09
,铝合金,320-铬化（3.07米）,120,根,,2020-04-18 06:21:08
,铝合金,320-喷砂拉丝亚银（3.05米）,539,根,,2020-04-17 06:38:55
,型材,PF01-18*33-3.02米,108,根,,2020-04-16 04:21:27
,方料,23*43-3.02米,3042,根,,2020-04-12 10:31:03
,铝合金,ZA57-铬化（3.07米）,200,根,,2020-04-12 10:28:35
,方料,21*35.5-3.02米,18579,根,,2020-04-12 10:28:09
,铝合金,320-铬化（3.07米）,441,根,,2020-04-05 08:11:32
,型材,PF30-20*22-12U-3.02米,90,根,,2020-04-04 12:17:01
,木皮,24#黑胡桃1001S (30cm ),2010,米,,2020-04-04 12:14:56
,木皮,18#橡木108DS（29cm ),5185,米,,2020-04-04 12:14:09
,木皮,18#橡木108DS(16cm ),9976,米,,2020-04-04 12:13:22
,木皮,08#柚木3347Q（30cm),2048,米,,2020-04-04 12:12:27
,木皮,08#柚木3347Q（8cm),2016,米,,2020-04-04 12:11:18
,木皮,23#黑橡24S (30cm ),2086,米,,2020-04-04 12:10:07
,木皮,23#黑像24S（8cm),2040,米,,2020-04-04 12:08:39
,木皮,04#黑杏AE 03S (30cm ),1581,米,,2020-04-04 12:06:02
,木皮,04#黑杏AE 03S (16cm ),690,米,,2020-04-04 12:04:53
,木皮,04#黑杏AE 03S (16cm ),1340,米,,2020-04-04 12:04:11
,木皮,04#黑杏AE 03S (14cm ),2030,米,,2020-04-04 12:03:38
,木皮,04#黑杏AE 03S (8cm ),2026,米,,2020-04-04 12:02:43
,木皮,11#秋香801c (30cm),1975,米,,2020-04-04 12:01:50
,木皮,16#秋香09S (9.2cm ),1608,米,,2020-04-04 12:00:52
,木皮,16#秋香09S (8cm ),1600,米,,2020-04-04 11:59:56
,木皮,16#秋香09S（16cm),1525,米,,2020-04-04 11:59:18
,木皮,16#秋香09S（14cm),1525,米,,2020-04-04 11:57:32
,木皮,20#黑木(5.5cm ),476,米,,2020-04-04 11:54:14
,木皮,20#黑木(8cm ),1428,米,,2020-04-04 11:53:32
,木皮,20#黑木(8cm ),1920,米,,2020-04-04 11:52:52
,铝合金,350-棕色砂纹（3.07米）,300,根,,2020-04-04 05:46:03
,铝合金,350-白砂纹（3.07米）,420,根,,2020-04-04 05:45:36
,铝合金,350-喷砂拉丝亚黑（3.05米）,491,根,,2020-04-04 05:45:06
,铝合金,320-喷砂拉丝亚黑（3.05米）,978,根,,2020-04-04 05:44:22
,型材,PF31-20*22-12U-2.43米（LVL）,45,根,,2020-04-04 05:39:24
,型材,PF31-20*22-9U-2.43米（LVL）,997,根,,2020-04-04 05:37:57
,方料,LVL 21*19*2.43米,1059,根,,2020-04-04 04:50:37
,型材,PF30-20*22-12U-3.02米,1300,根,,2020-04-04 04:46:45
,型材,PF31-20*22-9U-3.02米,1420,根,,2020-04-04 04:46:09
,方料,20*22-3.02米,2720,根,,2020-04-04 04:42:46
,型材,PF16-20（宽）*40（高）-3.02米,396,根,,2020-04-04 04:37:56
,方料,15*28-3.02米,1000,根,,2020-04-04 04:36:30
,型材,LF01-25*45-3.02米,995,根,,2020-04-04 04:35:59
,铝合金,ZA72-喷砂拉丝亚黑（3.05米）,596,根,,2020-04-04 03:59:02
,铝合金,350-喷砂拉丝亚黑（3.05米）,1089,根,,2020-04-04 03:57:29
,铝合金,350-白砂纹（3.07米）,2592,根,,2020-04-04 03:57:00
,铝合金,508-喷砂拉丝亚黑（3.05米）,226,根,,2020-04-04 03:56:28
,铝合金,508-喷砂三酸拉丝亮金（3.05米）,710,根,,2020-04-04 03:56:01
,铝合金,350-喷砂三酸拉丝亮金（3.05米）,220,根,,2020-04-04 03:55:22
,铝合金,320-喷砂三酸拉丝亮金（3.05米）,304,根,,2020-04-04 03:54:43
,型材,PF07-28*48-3.02米,931,根,,2020-04-04 03:43:45
,纸箱,小纸箱（软）,540,个,,2020-04-04 03:37:21
,纸箱,小纸箱（硬）3300*160*110,388,个,,2020-04-04 03:36:08
,辅料,珍珠棉,4,卷,,2020-04-04 03:33:21
,铝合金,350-白砂纹（3.07米）,2580,根,,2020-04-04 03:32:23
,铝合金,350-喷砂拉丝亚黑（3.05米）,1170,根,,2020-04-04 03:31:38
,胶水,PUR胶,10,桶,,2020-04-04 03:30:21
,胶水,EVA胶,1,袋,,2020-04-04 03:29:51
,方料,23*43-3.02米,1360,根,,2020-04-04 03:28:54
,板材,双面桃花芯板1220*2440*5mm,15,张,,2020-04-04 03:25:19
,板材,15厘松木板1220*2440*15,53,张,,2020-04-04 03:15:22
,方料,31*35-3.02米,1122,根,,2020-04-04 03:07:52
,方料,19*35（34）-3.02米,1553,根,,2020-04-04 02:59:07
,方料,30*48-3.02米,808,根,,2020-04-04 02:55:40
,方料,15*28-3.02米,1550,根,,2020-04-04 02:52:29
,方料,20*40-3.06米,1359,根,,2020-04-04 02:46:39
,方料,21*40-3.02米,16108,根,,2020-04-04 02:45:00
,方料,20*22-3.02米,758,根,,2020-04-04 02:42:37
,方料,22*53-3.02米,1380,根,,2020-04-04 02:41:38
,型材,LF02-30*50-3.06米,18,根,,2020-04-03 14:25:11
,型材,LF02-30*50-3.02米,4218,根,,2020-04-03 14:24:40
,型材,LF01-25*45-3.02米,100,根,,2020-04-03 14:23:59
,方料,15*35.5-1.9米,455,根,,2020-04-03 14:19:48
,型材,PF05-15*40-3.02米,1277,根,,2020-04-03 14:16:41
,型材,PF15-20*60-3.02米,18,根,,2020-04-03 14:13:48
,型材,PF12-22*20-3.02米,180,根,,2020-04-03 14:13:13
,型材,PF06-28*33-3.02米,35,根,,2020-04-03 14:10:08
,型材,PF01-18*33-3.02米,885,根,,2020-04-03 14:09:15
,木皮,30#白藤904S (8cm ),1024,米,,2020-04-03 14:07:09
,木皮,26#楸木188-1C (16cm ),280,米,,2020-04-03 14:01:11
,木皮,26#楸木188-1C (5.5cm ),1220,米,,2020-04-03 13:58:50
,木皮,26#楸木188-1C (4cm ),275,米,,2020-04-03 13:57:23
,木皮,25#天然柚木(5188S 30cm ),510,米,,2020-04-03 13:54:14
,木皮,25#天然柚木(5188S 30cm ),510,米,,2020-04-03 13:54:12
,木皮,25#天然柚木(5188S 30cm ),1565,米,,2020-04-03 13:53:32
,木皮,25#天然柚木（5188S 9.2cm ）,1530,米,,2020-04-03 13:52:26
,木皮,25#天然柚木（5188S 9.2cm ）,1530,米,,2020-04-03 13:52:21
,木皮,24#黑胡桃（1001S 9.2cm）,1530,米,,2020-04-03 13:51:13
,木皮,22#银橡7S (8cm ),2084,米,,2020-04-03 13:41:31
,木皮,22#银橡7S（30cm）,1200,米,,2020-04-03 13:37:24
,木皮,20#黑木(5.5cm ),335,米,,2020-04-03 13:35:29
,木皮,19#榆木12-2S (8cm ),261,米,,2020-04-03 13:31:34
,木皮,18#橡木108DS（29cm ),3774,米,,2020-04-03 13:28:00
,木皮,18#橡木108DS(16cm ),4060,米,,2020-04-03 13:25:22
,木皮,17#雀巢52N（30cm),250,米,,2020-04-03 13:22:30
,木皮,14#银梨1Q （30cm ）,520,米,,2020-04-03 13:18:51
,木皮,14#银梨1Q （16cm ）,2010,米,,2020-04-03 13:17:42
,木皮,14#银梨1Q （14cm ）,2010,米,,2020-04-03 13:17:10
,木皮,14#银梨1Q （8cm ）,1167,米,,2020-04-03 13:16:16
,木皮,14#银梨1Q （30cm ）,2595,米,,2020-04-03 13:13:33
,木皮,08#柚木3347Q（9.2cm),300,米,,2020-04-03 13:07:23
,木皮,08#柚木3347Q（16cm),385,米,,2020-04-03 13:05:01
,木皮,05#麦格利38Q ( 30cm),1025,米,,2020-04-03 13:00:53
,木皮,04#黑杏AE 03S (9.2cm ),2477,米,,2020-04-03 11:15:50
,木皮,02#橡木609S ( 4cm),288,米,,2020-04-03 11:12:04
,木皮,02#橡木609S ( 9.2cm),2806,米,,2020-04-03 11:10:26
,木皮,02#橡木609S ( 8cm),600,米,,2020-04-03 10:48:53
,木皮,01#雪花木（7cm),4200,米,,2020-04-03 10:45:20
,木皮,01#雪花木（30cm),1190,米,,2020-04-03 10:43:32
,木皮,01#雪花木（28cm),2238,米,,2020-04-03 10:42:38
,铝合金,ZA64 (X240710)-铬化（3.07米）,249,根,,2020-04-03 10:35:05
,铝合金,ZA44 (H220910)-铬化（3.07米）,336,根,,2020-04-03 10:33:31
,铝合金,ZA65 (P450637)-铬化（3.07米）,125,根,,2020-04-03 10:32:23
,铝合金,ZA45 (H490737)-铬化（3.07米）,206,根,,2020-04-03 10:31:09
,铝合金,ZA58 (P400622)-铬化（3.07米）,300,根,,2020-04-03 10:29:51
,铝合金,ZA65 (P450637)-铬化（3.07米）,820,根,,2020-04-03 10:28:42
,铝合金,ZA64 (X240710)-铬化（3.07米）,1014,根,,2020-04-03 10:27:47
,铝合金,508-铬化（3.07米）,900,根,,2020-04-03 10:25:22
,铝合金,ZA56 (X400922)-铬化（3.07米）,1093,根,,2020-04-03 10:24:20
,铝合金,ZA44 (H220910)-铬化（3.07米）,1000,根,,2020-04-03 10:22:36
,铝合金,350-铬化（3.07米）,1710,根,,2020-04-03 10:21:17
,铝合金,ZA45 (H490737)-铬化（3.07米）,960,根,,2020-04-03 10:19:26
,铝合金,ZA58 (P400622)-铬化（3.07米）,1054,根,,2020-04-03 10:17:53
,铝合金,508-喷砂三酸拉丝亮金（3.05米）,314,根,,2020-04-03 09:51:03
,铝合金,508-喷砂拉丝亚黑（3.05米）,1650,根,,2020-04-03 09:50:38
,铝合金,508-黑砂纹（3.07米）,420,根,,2020-04-03 09:49:50
,铝合金,320-白砂纹（3.07米）,146,根,,2020-04-03 09:41:21
,铝合金,320-喷砂拉丝亚银（3.05米）,126,根,,2020-04-03 09:40:48
,铝合金,320-喷砂三酸拉丝亮金（3.05米）,2664,根,,2020-04-03 09:39:33
,铝合金,ZA63-喷砂拉丝亮金（2.44米）,192,根,,2020-04-03 09:38:26
,铝合金,ZA32-喷砂拉丝亚黑（3.05米）,78,根,,2020-04-03 09:36:30
,铝合金,ZA32-喷砂拉丝亮金（3.05米）,64,根,,2020-04-03 09:36:04
,铝合金,ZA33-喷砂拉丝亮金（3.05米）,1649,根,,2020-04-03 09:35:32
,铝合金,ZA33-喷砂拉丝亚黑（3.05米）,456,根,,2020-04-03 09:34:49
,铝合金,350-红砂纹（3.07米）,187,根,,2020-04-03 09:17:35
,铝合金,350-棕色砂纹（3.07米）,95,根,,2020-04-03 09:17:09
,铝合金,350-红砂纹（3.07米）,187,根,,2020-03-29 02:01:18
,铝合金,320-喷砂三酸拉丝亮银（3.05米）,100,根,,2020-03-26 14:00:12
,铝合金,350-红砂纹（3.07米）,187,根,,2020-03-26 13:48:06
,铝合金,350-棕色砂纹（3.07米）,95,根,,2020-03-26 13:40:40
,铝合金,350-橙色砂纹（3.07米）,2,根,,2020-03-26 13:39:16
,铝合金,350-橙色砂纹（3.07米）,95,根,,2020-03-26 13:36:31
,铝合金,350-棕色砂纹（3.07米）,95,根,,2020-03-26 13:34:41
,铝合金,350-棕色砂纹（3.07米）,95,根,,2020-03-26 13:31:39
,铝合金,350-红砂纹（3.07米）,187,根,,2020-03-26 13:26:29
,铝合金,350-棕色砂纹（3.07米）,95,根,,2020-03-26 13:26:02
,铝合金,350-喷砂三酸拉丝亮金（4.35）,300,根,,2020-03-26 13:23:24
,铝合金,ZA100,10,根,,2020-01-26 11:06:07
,铝合金,ZA100,15,根,,2020-01-26 11:05:04
,铝合金,ZA100,15,根,,2020-01-26 11:00:35
,型材,LF01-25*45-3.02米,100,根,,2020-01-26 10:35:05
,型材,LF01-25*45-3.02米,15,根,,2020-01-26 10:32:54
,木皮,28#白橡28S9.2cm）,290,米,米,2019-12-15 00:45:21
,木皮,27#天然白木(7.5cm ),29951,米,米,2019-12-15 00:44:34
,型材,PF10-40（宽）*22（高）-3米,1121,根,支,2019-12-15 00:25:30
,型材,PF07-28*48-3米,930,根,支,2019-12-15 00:25:05
,型材,PF23-18（面宽）*40（高度）-3米,130,根,支,2019-12-15 00:21:59
,型材,PF23-18（面宽）*40（高度）-3米,367,根,支,2019-12-15 00:20:44
,型材,LF02-30*50-3米,467,根,支,2019-12-15 00:19:08
,型材,PF01-18*33-3米,3450,根,支,2019-12-13 00:50:32
,方料,21*35.5*3020,4544,根,支,2019-12-13 00:49:57
,木皮,08#橡木3347Q(31cm),709,米,米,2019-12-12 10:18:56
,木皮,8#柚木3347Q（30cm),709,米,米,2019-12-12 10:17:33
,铝合金,320-烙化，3.07米,1160,根,支,2019-12-10 07:14:34
,铝合金,350-烙化，3.06米,1732,根,支,2019-12-10 07:11:31
,铝合金,320-喷砂拉丝亚黑（6.2米）,77,根,支,2019-12-08 01:36:58
,铝合金,350-喷砂拉丝亚黑（6.2米）,1860,根,支,2019-12-08 01:36:27
,铝合金,320-喷砂拉丝亚银（6.2米）,23,根,支,2019-12-07 05:15:18
,铝合金,350-喷砂拉丝亚黑（6.2米）,540,根,支,2019-12-07 05:13:34
,铝合金,350-喷砂拉丝亚黑（6.2米）,235,根,支,2019-12-07 04:18:55
,铝合金,350-喷砂拉丝亚黑（6.2米）,549,根,支,2019-12-05 02:02:46
,铝合金,508-喷砂拉丝亚黑（6.2米）,273,根,支,2019-12-05 02:02:13
,木皮,26#楸木188-1C (8cm ),1000,米,米,2019-12-04 02:54:09
,木皮,14#银梨1Q（5.5CM）,300,米,米,2019-12-04 02:52:24
,木皮,14#银梨1Q （8cm ）,2139,米,米,2019-12-04 02:50:25
,木皮,02#橡木609S (9.2cm ),3084,米,米,2019-12-04 02:49:52
,木皮,02#橡木609S(8cm),3000,米,米,2019-12-04 02:49:15
,木皮,18#橡木108DS(9.2cm ),3111,米,米,2019-12-04 02:48:45
,木皮,18#橡木108DS(8cm ),3000,米,米,2019-12-04 02:48:18
,木皮,19#榆木12-2S (31cm ),2285,米,米,2019-12-04 02:47:43
,木皮,26#楸木188-1C (30cm ),3500,米,米,2019-12-04 02:47:16
,木皮,27#天然白木(7.5cm ),10524,米,米,2019-12-04 02:46:38
,木皮,4#黑杏AE 03S (30cm ),1042,米,米,2019-12-04 02:46:07
,木皮,4#黑杏AE 03S (8cm ),3000,米,米,2019-12-04 02:45:06
,木皮,10黑檀2427S (5.5cm ),410,米,米,2019-12-04 02:43:30
,木皮,10黑檀2427S (8cm ),2980,米,米,2019-12-04 02:43:04
,铝合金,320-喷砂拉丝亚黑（6.2米）,30,根,支,2019-12-04 01:06:36
,铝合金,508-喷砂拉丝亚黑（6.2米）,110,根,支,2019-11-30 09:06:33
,型材,23*30*3020,775,根,支,2019-11-30 09:06:05
,型材,LF02-30*50-3.06米,750,根,支,2019-11-30 00:41:01
,方料,21*30*3.03米,3580,根,支,2019-11-29 00:12:26
,方料,19*35-3.02米,5635,根,支,2019-11-29 00:10:48
,方料,22*53-3.02米,1150,根,支,2019-11-27 08:30:02
,铝合金,350-灰砂纹（6.15米）,15,根,支,2019-11-27 08:26:32
,铝合金,508-喷砂拉丝亚黑（6.2米）,389,根,支,2019-11-27 08:26:03
,铝合金,ZA34-白砂纹（6.15米）(梵澜堂),102,根,支,2019-11-27 08:25:21
,铝合金,350-喷砂拉丝亚黑（6.2米）,65,根,支,2019-11-27 08:24:20
,型材,PF07-28*48-3米,890,根,支,2019-11-25 09:53:32
,木皮,27#天然白木(7.5cm ),14400,米,米,2019-11-25 09:28:08
,木皮,19#榆木12-2S (26cm ),762,米,米,2019-11-25 09:27:42
,木皮,26#楸木188-1C (5.5cm ),5468,米,米,2019-11-25 09:26:30
,木皮,26#楸木188-1C (11cm ),5040,米,米,2019-11-25 09:24:50
,铝合金,ZA65-烙化，3.06米,114,根,支,2019-11-23 07:04:00
,铝合金,ZA64-烙化，3.06米,249,根,支,2019-11-23 07:03:21
,铝合金,ZA58-烙化，3.06米,377,根,支,2019-11-23 07:02:34
,铝合金,ZA56-烙化，3.06米,222,根,支,2019-11-23 07:01:52
,铝合金,ZA45-烙化，3.06米,206,根,支,2019-11-23 07:00:58
,铝合金,ZA44-烙化，3.06米,336,根,支,2019-11-23 07:00:21
,铝合金,ZA36-烙化，3.06米,245,根,支,2019-11-23 06:59:36
,铝合金,ZA29-烙化，3.06米,230,根,支,2019-11-23 06:58:58
,铝合金,350-烙化，3.06米,503,根,支,2019-11-23 06:58:32
,型材,PF04-15*28-3米,1194,根,支,2019-11-23 03:00:07
,铝合金,508-喷砂拉丝亚黑（6.2米）,31,根,支,2019-11-22 03:10:09
,铝合金,350-喷砂拉丝亚黑（6.2米）,465,根,支,2019-11-22 03:07:57
,方料,15*28-3.02米,1197,根,支,2019-11-21 07:53:05
,型材,LF01-25*45-3米,1198,根,支,2019-11-21 07:52:45
,型材,PF01-18*33-3米,3145,根,支,2019-11-21 07:52:26
,方料,23*30*3020,339,根,支,2019-11-21 03:24:50
,铝合金,350-喷砂拉丝亚黑（6.2米）,125,根,支,2019-11-19 09:23:57
,铝合金,508-喷砂拉丝亚黑（6.2米）,108,根,支,2019-11-19 09:23:34
,型材,PF22-20（面宽11.4）*40（高度）-3米（烟台蒋）,1000,根,支,2019-11-19 01:15:40
,铝合金,350-喷砂拉丝亚黑（6.2米）,380,根,支,2019-11-17 05:35:18
,铝合金,350-喷砂拉丝亚银（6.2米）,20,根,支,2019-11-17 00:23:07
,铝合金,350-喷砂三酸拉丝玫瑰金（6.2米）,40,根,支,2019-11-17 00:22:37
,铝合金,508-喷砂拉丝亚银（6.2米）,3,根,支,2019-11-17 00:22:11
,铝合金,ZA34-白砂纹（6.15米）(梵澜堂),20,根,支,2019-11-17 00:21:43
,铝合金,ZA33-拉丝亚黑（6.15米）(小彭）,1,根,支,2019-11-17 00:21:07
,铝合金,ZA33-拉丝亚黑（6.15米）(小彭）,1,根,支,2019-11-17 00:18:28
,铝合金,ZA33-拉丝亮金（6.2米）(小彭）,1,根,支,2019-11-17 00:18:02
,铝合金,350-黑砂纹（6.15米）,10,根,支,2019-11-17 00:17:26
,铝合金,350-白砂纹（6.15米）,107,根,支,2019-11-17 00:16:59
,铝合金,508-喷砂拉丝亚黑（6.2米）,45,根,支,2019-11-17 00:16:35
,铝合金,350-喷砂拉丝亚黑（6.2米）,126,根,支,2019-11-17 00:15:59
,铝合金,350-拉丝亚银3.07米(罗庄),80,根,支,2019-11-17 00:15:17
,型材,PF07-28*48-3米,122,根,支,2019-11-17 00:14:38
,型材,LF02-30*50-3米,62,根,支,2019-11-17 00:14:06
,型材,PF01-18*33-3米,54,根,支,2019-11-17 00:13:46
,型材,PF06-28*33-3米,120,根,支,2019-11-17 00:13:24
,木皮,18＃橡木108DS(12cm),670,米,米,2019-11-17 00:12:26
,木皮,20#黑木(16cm ),335,米,米,2019-11-17 00:11:07
,木皮,19#榆木12-2S (9.2cm ),675,米,米,2019-11-17 00:10:32
,木皮,26#楸木188-1C (8cm ),250,米,米,2019-11-17 00:09:57
,木皮,28#白橡28S（30cm）,508,米,米,2019-11-16 09:27:21
,木皮,18#橡木108DS(30cm ),2795,米,米,2019-11-16 09:24:50
,铝合金,320-白砂纹（6.15米）,984,根,支,2019-11-16 01:02:09
,铝合金,350-喷砂拉丝亚黑（6.2米）,593,根,支,2019-11-16 01:01:46
,铝合金,350-白砂纹（6.15米）,435,根,支,2019-11-16 01:01:19
,型材,PF 23-18✘40✘3060米,123,根,支,2019-11-15 02:30:39
,型材,PF01-18*33-3米,2260,根,支,2019-11-14 02:31:42
,型材,PF01-18*33-3米,30,根,支,2019-11-13 01:48:47
,型材,PF01-18*33-3米,113,根,支,2019-11-13 01:48:18
,型材,PF03-20*35-3米（内衬条）,7972,根,支,2019-11-13 01:47:32
,木皮,18#橡木108DS(16cm ),5040,米,米,2019-11-11 10:29:01
,木皮,27#天然白木(7.5cm ),9860,米,米,2019-11-11 10:28:28
,木皮,17#雀巢52N（30cm),500,米,米,2019-11-11 10:28:00
,木皮,21#白木（30cm),968,米,米,2019-11-11 10:27:38
,铝合金,350-喷砂三酸拉丝玫瑰金（6.2米）,1016,根,支,2019-11-11 10:26:16
,铝合金,350-白砂纹（6.15米）,560,根,支,2019-11-11 10:25:33
,铝合金,350-喷砂三酸拉丝亮金(6.2米),14,根,支,2019-11-11 01:00:15
,铝合金,320-喷砂三酸拉丝亮金（6.2米）,14,根,支,2019-11-11 00:58:25
,方料,29*48*3020,2625,根,支,2019-11-10 02:10:05
,铝合金,350-喷砂拉丝亚黑（6.2米）,780,根,支,2019-11-09 02:47:14
,铝合金,320-喷砂拉丝亚黑（6.2米）,780,根,支,2019-11-09 00:37:58
,方料,23*44*3030,90,根,支,2019-11-08 08:24:27
,方料,23*21*3.04米,14356,根,支,2019-11-08 08:21:58
,方料,23✘44✘2440,350,根,支,2019-11-08 08:19:38
,型材,PF01-18*33-3米,1974,根,支,2019-11-08 01:18:50
,铝合金,320-拉丝亚黑（2.7米）,656,根,支,2019-11-08 00:36:40
,方料,21*35.5*3020,4800,根,支,2019-11-08 00:05:06
,型材,PF01-18*33-3米,57,根,支,2019-11-07 00:43:01
,方料,21*40-3.02米,1650,根,支,2019-11-07 00:42:15
,型材,LF02-30*50-3米,1650,根,支,2019-11-07 00:41:51
,铝合金,508-白砂纹（6.15米）,43,根,支,2019-11-07 00:27:22
,方料,31*53-3.02米,595,根,支,2019-11-07 00:24:06
,方料,30*48-3.02米,4186,根,支,2019-11-07 00:21:17
,铝合金,508-白砂纹（6.15米）,43,根,支,2019-11-06 08:19:00
,铝合金,508-黑砂文（6.15米）,47,根,支,2019-11-06 08:18:30
,铝合金,350-喷砂拉丝亚黑（6.2米）,353,根,米,2019-11-06 08:17:56
,木皮,27#天然白木(7.5cm ),21516,米,米,2019-11-06 08:17:17
,木皮,11#秋香801c (30cm),2020,米,米,2019-11-06 08:16:46
,木皮,20#黑木(31cm ),5049,米,米,2019-11-06 08:16:14
,木皮,20#黑木(8cm ),5145,米,米,2019-11-06 08:15:45
,木皮,20#黑木(16cm ),3015,米,米,2019-11-06 08:13:20
,木皮,20#黑木(14cm ),3015,米,米,2019-11-06 08:13:02
,木皮,22#银橡7S (30cm ),2874,米,米,2019-11-06 08:12:40
,木皮,22#银橡7S (8cm ),3000,米,米,2019-11-06 08:12:07
,木皮,22#银橡7S (16cm ),3015,米,米,2019-11-06 08:09:58
,木皮,22#银橡7S (14cm ),3015,米,米,2019-11-06 08:09:35
,木皮,1#雪花木（30cm),1982,米,米,2019-11-06 08:09:11
,木皮,1#雪花木（16cm),315,米,米,2019-11-06 08:08:26
,型材,PF10-40（宽）*22（高）-3米,178,根,支,2019-11-06 01:10:53
,型材,PF11-22*30-3米,690,根,支,2019-11-06 01:10:19
,型材,PF03-20*35-3米（内衬条）,11270,根,支,2019-11-06 01:10:00
,方料,30*48-3.02米,9087,根,支,2019-11-05 05:21:29
,铝合金,350-拉丝哑黑(4.52米),18,根,支,2019-11-04 01:25:49
,铝合金,350-拉丝青金,800,根,支,2019-11-03 22:34:36
,方料,21*35.5*3020,14409,根,支,2019-11-02 09:37:57
,方料,31*53-3.02米,5796,根,支,2019-11-02 09:36:23
,方料,13*43-3.02米,2802,根,支,2019-11-02 09:34:39
,铝合金,350-棕砂纹（6.15米）,180,根,支,2019-11-02 09:34:01
,方料,13*43-3.02米,252,根,支,2019-11-02 09:33:21
,型材,PF22-20（面宽11.4）*40（高度）-3米（烟台蒋）,973,根,支,2019-11-02 09:31:38
,铝合金,350-灰砂纹（6.15米）,85,根,支,2019-11-01 02:07:21
,铝合金,350-灰砂纹（6.15米）,54,根,支,2019-11-01 02:06:46
,铝合金,350-拉丝亚黑6.15米,20,根,支,2019-11-01 02:03:46
,型材,PF07-28*48-3米,550,根,支,2019-11-01 01:54:56
,铝合金,350-喷砂拉丝亚黑（6.2米）,630,根,支,2019-10-30 00:40:55
,木皮,21#白木（8cm）,3016,米,米,2019-10-27 02:46:42
,木皮,21#白木（30cm),997,米,米,2019-10-27 02:45:05
,木皮,14#银梨1Q （30cm ）,2009,米,米,2019-10-27 02:44:24
,木皮,24#黑胡桃1001S（16cm）,2056,米,米,2019-10-27 02:42:50
,木皮,24#黑胡桃（1001S 14cm）,2056,米,米,2019-10-27 02:40:57
,木皮,24#黑胡桃（1001S 9.2cm）,2010,米,米,2019-10-27 02:40:07
,木皮,24#黑胡桃（1001S 8cm）,2700,米,米,2019-10-27 02:39:22
,木皮,25#天然柚木（5188S 8cm ）,2184,米,米,2019-10-27 02:38:54
,木皮,26#楸木188-1C (30cm ),1655,米,米,2019-10-27 02:37:38
,木皮,23黑橡24S (30cm ),2002,米,米,2019-10-27 02:37:17
,木皮,23黑橡24S (9.2cm ),2250,米,米,2019-10-27 02:35:28
,木皮,23#黑橡24S (8cm ),3000,米,米,2019-10-27 02:34:50
,木皮,19#榆木12-2S (9.2cm ),2259,米,米,2019-10-27 02:34:18
,木皮,19#榆木12-2S (8cm ),3032,米,米,2019-10-27 02:33:18
,木皮,08#橡木3347Q(9.2cm),2280,米,米,2019-10-27 02:32:48
,木皮,8#柚木3347Q（8cm),3080,米,米,2019-10-27 02:29:30
,方料,31*53-3.02米,1430,根,支,2019-10-25 09:59:51
,型材,PF10-40（宽）*22（高）-3米,166,根,支,2019-10-25 09:57:34
,型材,PF08-48*28-3米,360,根,支,2019-10-25 09:56:53
,型材,PF07-28*48-3米,500,根,支,2019-10-25 09:54:48
,铝合金,350-喷砂拉丝亚黑（6.2米）,840,根,支,2019-10-25 09:46:41
,型材,PF07-28*48-3米,360,根,支,2019-10-25 09:46:13
,方料,21*40-3.02米,1430,根,支,2019-10-25 09:45:41
,型材,LF02-30*50-3米,1430,根,支,2019-10-25 09:45:19
,型材,PF05-15*40-3米,1955,根,支,2019-10-25 09:44:58
,铝合金,350-喷砂三酸拉丝亮金(6.2米),41,根,支,2019-10-24 01:14:57
,型材,PF11-22*30-3米,1315,根,支,2019-10-22 00:56:14
,型材,PF01-18*33-3米,1970,根,支,2019-10-22 00:55:57
,木皮,1#雪花木（30cm),1,米,米,2019-10-22 00:48:59
,铝合金,350-喷砂拉丝亚黑（6.2米）,152,根,支,2019-10-21 06:35:31
,方料,31*35-3.02米,828,根,支,2019-10-21 00:45:52
,方料,21*36*3.02米,1698,根,支,2019-10-21 00:44:19
,铝合金,ZA63-拉丝亮金2.44米,288,根,支,2019-10-19 05:47:07
,铝合金,350-喷砂三酸拉丝亮金(6.2米),20,根,支,2019-10-19 00:34:07
,木皮,27#天然白木(7.5cm ),21975,米,米,2019-10-17 07:28:16
,木皮,18#橡木108DS(16cm ),335,米,米,2019-10-16 06:47:07
,木皮,27#天然白木(7.5cm ),3900,米,米,2019-10-14 09:53:56
,木皮,26#楸木188-1C (30cm ),2640,米,米,2019-10-14 09:53:34
,木皮,26#楸木188-1C (26cm ),790,米,米,2019-10-14 09:53:13
,木皮,26#楸木188-1c（14cm）,3015,米,米,2019-10-14 09:52:29
,木皮,26#楸木188-1C （16CM）,3015,米,米,2019-10-14 09:51:08
,木皮,30#白藤904S (26cm ),2000,米,米,2019-10-14 09:50:20
,木皮,30#白藤904S (8cm ),2516,米,米,2019-10-14 09:49:40
,木皮,30#白藤904S (9.2cm ),2010,米,米,2019-10-14 09:49:09
,木皮,30#白藤904S (16cm ),4020,米,米,2019-10-14 09:48:25
,木皮,30#白藤904S (16cm ),4020,米,米,2019-10-14 09:48:21
,木皮,30#白藤904s（14cm）,4020,米,米,2019-10-14 09:47:21
,方料,21X 40X 3.06米,827,根,支,2019-10-14 01:14:41
,型材,LF02-30*50-3.06米,820,根,支,2019-10-14 01:13:51
,铝合金,508-黑砂文（6.15米）,51,根,支,2019-10-14 00:52:54
,铝合金,350-喷砂三酸拉丝玫瑰金（6.2米）,418,根,支,2019-10-14 00:47:18
,铝合金,350-喷砂三酸拉丝玫瑰金（6.2米）,11,根,支,2019-10-14 00:46:08
,铝合金,320-白砂纹（6.15米）,233,根,支,2019-10-13 03:28:03
,型材,PF08-48*28-3米,101,根,支,2019-10-13 01:10:11
,型材,PF07-28*48-3米,96,根,支,2019-10-13 01:09:52
,型材,PF06-28*33-3米,182,根,支,2019-10-13 01:09:30
,方料,21*40-3.02米,1104,根,支,2019-10-13 01:09:12
,型材,LF02-30*50-3米,1100,根,支,2019-10-13 01:08:22
,铝合金,ZA33-白砂纹（6.15米）(小彭）,153,根,支,2019-10-10 01:25:03
,铝合金,ZA34-白砂纹（6.15米）(梵澜堂),121,根,支,2019-10-10 01:24:29
,铝合金,ZA33-拉丝亚黑（6.15米）(小彭）,71,根,支,2019-10-10 01:24:04
,铝合金,ZA32-拉丝亮金（6.15米）(仟像）,65,根,支,2019-10-10 01:23:09
,方料,23*44*3030,6734,根,支,2019-10-10 01:11:34
,方料,23*44*3030,6734,根,支,2019-10-08 01:18:43
,型材,PF22-20（面宽11.4）*40（高度）-3米（烟台蒋）,210,根,支,2019-10-07 00:43:18
,方料,31*53-3.02米,3368,根,支,2019-10-07 00:38:13
,方料,31*53-3.06米,4795,根,支,2019-10-07 00:37:45
,方料,15*28-3.02米,996,根,支,2019-10-07 00:36:50
,方料,21*40-3.02米,828,根,支,2019-10-07 00:36:29
,方料,21X 40X 3.06米,891,根,支,2019-10-07 00:35:45
,型材,LF02-30*50-3米,810,根,支,2019-10-07 00:35:26
,型材,LF02-30*50-3.06米,850,根,支,2019-10-07 00:34:45
,型材,LF01-25*45-3米,950,根,支,2019-10-07 00:34:30
,铝合金,508-喷砂拉丝亚黑（6.2米）,170,根,支,2019-10-02 10:32:33
,铝合金,ZA33-白砂纹（6.15米）(小彭）,74,根,支,2019-10-01 08:07:25
,铝合金,320-喷砂三酸拉丝亮金（6.2米）,470,根,米,2019-09-30 10:09:31
,铝合金,350-喷砂拉丝亚银（6.2米）,550,根,支,2019-09-30 10:06:32
,铝合金,320-喷砂拉丝亚银（6.2米）,550,根,支,2019-09-30 10:04:58
,铝合金,350-喷砂三酸拉丝玫瑰金（6.2米）,45,根,支,2019-09-30 10:02:43
,铝合金,508-喷砂三酸拉丝亮金（6.2米）,122,根,支,2019-09-30 09:59:52
,铝合金,320-喷砂拉丝亚银（6.2米）,477,根,支,2019-09-30 09:53:59
,铝合金,320-喷砂拉丝亚黑（6.2米）,78,根,支,2019-09-30 09:47:13
,铝合金,ZA33-拉丝亮金（6.2米）(小彭）,388,根,支,2019-09-30 09:45:04
,铝合金,ZA33-拉丝亚黑（6.15米）(小彭）,335,根,支,2019-09-30 09:43:09
,木皮,24#黑胡桃1001S (31cm ),335,米,米,2019-09-30 09:24:01
,木皮,22#银橡7S (16cm ),2010,米,米,2019-09-30 09:20:54
,木皮,22#银橡7S (9.2cm ),293,米,米,2019-09-30 09:20:11
,木皮,20#黑木(6.5cm ),300,米,米,2019-09-30 09:17:03
,木皮,18#橡木108DS(9.2cm ),340,米,米,2019-09-30 09:12:54
,木皮,18#橡木108DS(16cm ),240,米,米,2019-09-30 09:09:41
,木皮,18#橡木108DS(14cm ),335,米,米,2019-09-30 09:07:51
,木皮,01#雪花木(31cm),123,米,米,2019-09-30 08:57:10
,木皮,5#麦格利38Q (6.5cm ),295,米,米,2019-09-30 08:43:45
,型材,YS108-20*35*3020,285,根,支,2019-09-30 08:08:02
,型材,PF22-20（面宽11.4）*40（高度）-3米（烟台蒋）,87,根,支,2019-09-30 07:59:37
,型材,PF10-40（宽）*22（高）-3米,182,根,支,2019-09-30 07:58:25
,型材,PF06-28*33-3米,118,根,支,2019-09-30 07:55:31
,型材,PF 23-18✘40✘3060,638,根,支,2019-09-30 07:50:18
,方料,23*30*3020,2909,根,支,2019-09-30 07:44:06
,方料,31*36.5-3.02米,483,根,支,2019-09-30 07:42:11
,方料,23✘53✘3020,256,根,支,2019-09-30 07:26:15
,方料,23*30*3020,2909,根,支,2019-09-30 07:25:05
,方料,21*40-3.02米,1640,根,支,2019-09-30 06:56:31
,方料,21*60*3.02米,500,根,支,2019-09-30 06:51:43
,方料,25 X 48X 3.02米,1200,根,支,2019-09-30 06:35:51
,方料,21*36*3.02米,130,根,支,2019-09-30 06:22:25
,方料,31*53-3.06米,3264,根,支,2019-09-30 06:21:00
,方料,30*50*3020,897,根,支,2019-09-30 06:20:22
,方料,30*48-3.02米,1683,根,支,2019-09-30 06:13:28
,铝合金,ZA58-拉丝哑黑3.47米,481,根,支,2019-09-28 02:33:12
,铝合金,350-喷砂拉丝亚黑（6.2米）,1446,根,支,2019-09-28 02:32:00
,方料,19*35-3.02米,9091,根,支,2019-09-28 02:31:19
,型材,LF03-30✘35前宽7mm,45,根,支,2019-09-28 02:25:12
,型材,LF02-30*50-3.06米,182,根,支,2019-09-28 02:23:33
,型材,PF09-20*50.8-3米,825,根,支,2019-09-28 01:41:31
,型材,PF26-28（面宽）*21（高度）-3米,1284,根,支,2019-09-28 01:40:47
,方料,21*36*3.02米,272,根,支,2019-09-28 01:40:23
,型材,PF06-28*33-3米,1188,根,支,2019-09-25 01:20:48
,型材,PF01-18*33-3米,1978,根,支,2019-09-25 01:20:05
,型材,PF01-18*33-3米,10108,根,支,2019-09-25 01:15:38
,方料,23*44*3030,5402,根,支,2019-09-25 00:28:38
,方料,22*31-3.02米,3973,根,支,2019-09-25 00:28:15
,木皮,23黑橡24S (30cm ),2005,米,米,2019-09-24 09:39:59
,木皮,01#雪花木(31cm),1028,米,米,2019-09-24 09:39:29
,木皮,22#银橡7S (30cm ),2022,米,米,2019-09-24 09:39:04
,木皮,14#银梨1Q （30cm ）,2000,米,米,2019-09-24 09:37:24
,木皮,20#黑木(31cm ),1870,米,米,2019-09-24 09:36:16
,木皮,20#黑木(9.2cm ),2010,米,米,2019-09-24 09:35:31
,木皮,20#黑木(8cm ),5040,米,米,2019-09-24 09:35:06
,铝合金,ZA61-拉丝哑黑6.20米,240,根,支,2019-09-24 09:24:51
,铝合金,508-喷砂拉丝亚黑（6.2米）,109,根,支,2019-09-24 09:23:08
,铝合金,350-喷砂拉丝亚黑（6.2米）,675,根,支,2019-09-24 09:22:02
,木皮,20#黑木(16cm ),377,米,米,2019-09-23 01:54:52
,铝合金,ZA33-白砂纹（6.15米）(小彭）,6,根,支,2019-09-21 23:50:03
,铝合金,350-喷砂拉丝亚黑（6.2米）,20,根,支,2019-09-21 23:49:23
,型材,PF01-18*33-3米,1650,根,支,2019-09-21 23:41:54
,型材,PF07-28*48-3米,850,根,支,2019-09-21 23:41:23
,铝合金,ZA33-白砂纹（6.15米）(小彭）,51,根,支,2019-09-20 03:05:31
,铝合金,350-喷砂三酸拉丝玫瑰金（6.2米）,55,根,支,2019-09-20 03:02:51
,铝合金,350-喷砂拉丝亚黑（6.2米）,585,根,支,2019-09-20 03:01:18
,型材,LF 03-30✘353020,151,根,支,2019-09-20 02:57:46
,木皮,01#雪花木(31cm),160,米,米,2019-09-18 00:23:36
,木皮,01#雪花木9.2cm,1100,米,米,2019-09-18 00:23:04
,木皮,1#雪花木（8cm ）,2010,米,米,2019-09-18 00:21:28
,木皮,1#雪花木（7cm),1300,米,米,2019-09-18 00:21:11
,木皮,1#雪花木（30cm),1073,米,米,2019-09-18 00:20:20
,木皮,1#雪花木（16cm),2010,米,米,2019-09-18 00:19:54
,木皮,30#白藤904S (8cm ),2088,米,米,2019-09-18 00:19:21
,木皮,30#白藤904S (26cm ),998,米,米,2019-09-18 00:18:45
,木皮,27#天然白木(7.5cm ),11794,米,米,2019-09-18 00:17:57
,型材,PF06-28*33-3米,1106,根,支,2019-09-18 00:16:13
,方料,29✘35✘3.02米,7069,根,支,2019-09-17 10:24:52
,方料,23*44*3030,4448,根,支,2019-09-17 10:22:33
,铝合金,350-喷砂三酸拉丝玫瑰金（6.2米）,45,根,支,2019-09-17 00:52:40
,铝合金,ZA33-白砂纹（6.15米）(小彭）,15,根,支,2019-09-11 09:31:20
,铝合金,320-白砂纹（6.15米）,1489,根,支,2019-09-11 09:30:44
,木皮,22#银橡7S (14cm ),2030,米,米,2019-09-11 09:30:01
,木皮,22#银橡07S（5.5cm）,500,米,米,2019-09-11 09:29:18
,木皮,27#天然白木(7.5cm ),9000,米,米,2019-09-11 09:28:53
,型材,PF15-20*60-3米,26,根,支,2019-09-11 01:22:38
,型材,LF02-30*50-3米,1596,根,支,2019-09-10 23:55:33
,型材,PF15-20*60-3米,498,根,支,2019-09-08 00:21:39
,型材,PF03-20*35-3米（内衬条）,24150,根,支,2019-09-08 00:05:55
,型材,PF09-20*50.8-3米,263,根,支,2019-09-08 00:04:36
,铝合金,350-喷砂拉丝亚黑（6.2米）,532,根,支,2019-09-04 01:21:49
,木皮,22#银橡07S（5.5cm）,6870,米,米,2019-09-04 00:03:52
,木皮,22#银橡7S (8cm ),2040,米,米,2019-09-04 00:01:45
,木皮,27#天然白木(7.5cm ),14984,米,米,2019-09-04 00:01:18
,铝合金,350-喷砂拉丝亚银（6.2米）,400,根,支,2019-09-03 00:33:34
,方料,21X 40X 3.06米,446,根,支,2019-09-03 00:28:48
,型材,LF02-30*50-3.06米,450,根,支,2019-09-03 00:28:22
,方料,21*40-3.02米,896,根,支,2019-09-03 00:28:04
,型材,LF02-30*50-3米,560,根,支,2019-09-03 00:27:34
,型材,LF02-30*50-3米,256,根,支,2019-09-03 00:26:56
,方料,31*35-3.02米,22,根,支,2019-09-03 00:12:16
,铝合金,350-喷砂拉丝亚黑（6.2米）,300,根,支,2019-09-02 05:19:26
,铝合金,320-喷砂拉丝亚黑（6.2米）,468,根,支,2019-09-02 05:18:16
,铝合金,320-喷砂拉丝亚黑（6.2米）,372,根,支,2019-09-02 05:16:41
,方料,15*28-3.02米,869,根,支,2019-09-01 09:47:03
,铝合金,350-喷砂拉丝亚黑（6.2米）,328,根,支,2019-08-30 09:57:40
,木皮,14#银梨1Q （9.2cm ）,3100,米,米,2019-08-30 09:57:05
,木皮,14#银梨1Q （8cm ）,3000,米,米,2019-08-30 09:56:35
,木皮,4#黑杏AE 03S (8cm ),3150,米,米,2019-08-30 09:56:09
,木皮,23#黑橡24S (8cm ),3090,米,米,2019-08-30 09:55:27
,木皮,20#黑木(9.2cm ),3015,米,米,2019-08-30 09:55:00
,木皮,20#黑木(8cm ),4978,米,米,2019-08-30 09:54:30
,木皮,27#天然白木(7.5cm ),12000,米,米,2019-08-30 09:54:07
,木皮,18＃橡木108DS(12cm),1675,米,米,2019-08-30 09:53:35
,木皮,18#橡木108DS(16cm ),4775,米,米,2019-08-30 09:53:10
,方料,20*22-3.02米,2060,根,支,2019-08-30 00:57:25
,型材,PF11-22*30-3米,1427,根,支,2019-08-30 00:55:10
,木皮,30#白藤904S (16cm ),670,米,米,2019-08-30 00:49:15
,型材,PF01-18*33-3米,1972,根,支,2019-08-29 01:04:00
,型材,PF15-20*60-3米,212,根,支,2019-08-27 09:53:25
,型材,PF23-18（面宽）*40（高度）-3米,687,根,支,2019-08-27 09:52:44
,铝合金,350-喷砂拉丝亚黑（6.2米）,139,根,支,2019-08-27 07:09:27
,铝合金,ZA32-拉丝亮金（6.15米）(仟像）,10,根,支,2019-08-26 01:56:58
,铝合金,ZA33-拉丝亚黑（6.15米）(小彭）,22,根,支,2019-08-26 01:56:19
,铝合金,508-喷砂三酸拉丝亮金（6.2米）,106,根,支,2019-08-26 01:55:12
,铝合金,508-喷砂拉丝亚黑（6.2米）,196,根,支,2019-08-26 01:54:47
,铝合金,350-喷砂拉丝亚黑（6.2米）,500,根,支,2019-08-26 01:53:31
,铝合金,350-喷砂拉丝亚黑（6.2米）,942,根,支,2019-08-26 01:52:53
,铝合金,350-白砂纹（6.15米）,400,根,支,2019-08-26 01:51:30
,木皮,27#天然白木(21cm ),236,米,米,2019-08-26 00:19:13
,型材,PF15-20*60-3米,8,根,支,2019-08-25 14:29:47
,铝合金,508-灰砂纹（6.15米）,80,根,支,2019-08-23 02:09:43
,铝合金,320-白砂纹（6.15米）,180,根,支,2019-08-21 09:48:50
,铝合金,350-棕砂纹（6.15米）,100,根,支,2019-08-21 09:47:58
,铝合金,350-蓝砂纹（6.15米）,197,根,支,2019-08-21 09:47:30
,铝合金,350-灰砂纹（6.15米）,200,根,支,2019-08-21 09:47:00
,铝合金,508-灰砂纹（6.15米）,150,根,支,2019-08-21 09:46:27
,铝合金,508-棕砂纹（6.15米）,149,根,,2019-08-21 09:45:53
,型材,LF01-25*45-3米,869,根,支,2019-08-19 00:21:55
,铝合金,320-白砂纹（6.15米）,928,根,支,2019-08-19 00:13:21
,铝合金,350-白砂纹（6.15米）,15,根,支,2019-08-19 00:12:46
,铝合金,350-白砂纹（6.15米）,15,根,支,2019-08-19 00:11:45
,型材,PF22-20（面宽11.4）*40（高度）-3米（烟台蒋）,654,根,支,2019-08-17 00:42:32
,方料,21X 40X 3.06米,667,根,支,2019-08-17 00:37:57
,型材,PF06-28*33-3米,864,根,支,2019-08-16 01:16:57
,型材,PF07-28*48-3米,1140,根,支,2019-08-16 01:16:35
,方料,21*36*3.02米,11152,根,支,2019-08-16 01:06:23
,方料,21*36*3.02米,10746,根,支,2019-08-14 03:46:18
,铝合金,350-拉丝亚黑6.15米,509,根,支,2019-08-13 01:34:25
,铝合金,350-喷砂拉丝亚黑（6.2米）,497,根,支,2019-08-13 01:32:50
,铝合金,508-喷砂拉丝亚黑（6.2米）,130,根,支,2019-08-13 01:32:18
,方料,21*60*3.02米,3897,根,支,2019-08-13 00:20:03
,方料,21*36*3.02米,10416,根,支,2019-08-13 00:19:40
,方料,21*23*2.44米,1027,根,支,2019-08-13 00:19:05
,铝合金,ZA33-白砂纹（6.15米）(小彭）,110,根,支,2019-08-13 00:15:40
,铝合金,350-白砂纹（6.15米）,990,根,支,2019-08-13 00:15:17
,铝合金,320-白砂纹（6.15米）,874,根,支,2019-08-13 00:14:49
,铝合金,ZA33-白砂纹（6.15米）(小彭）,10,根,支,2019-08-12 00:23:19
,铝合金,508-白砂纹（6.15米）,493,根,支,2019-08-06 10:00:48
,铝合金,350-白砂纹（6.15米）,989,根,支,2019-08-06 10:00:20
,铝合金,350-蓝砂纹（6.15米）,200,根,支,2019-08-06 09:59:45
,铝合金,350-喷砂拉丝亚黑（6.2米）,455,根,支,2019-08-06 09:59:19
,铝合金,508-喷砂拉丝亚黑（6.2米）,1200,根,支,2019-08-06 09:58:53
,木皮,27#天然白木(7.5cm ),18730,米,米,2019-08-05 09:54:19
,方料,21X 40X 3.06米,725,根,支,2019-08-05 09:35:36
,方料,21X 40X 3.06米,1080,根,支,2019-08-05 09:31:51
,方料,21X 40X 3.06米,311,根,支,2019-08-05 09:31:00
,型材,LF02-30*50-3米,895,根,支,2019-08-05 09:20:38
,型材,LF02-30*50-3米,30,根,支,2019-08-05 09:18:24
,方料,20✘22✘2.44米,7338,根,支,2019-08-05 08:56:13
,型材,PF 23-18✘40✘3060,1079,根,支,2019-08-05 06:58:17
,型材,PF10-40（宽）*22（高）-3米,895,根,支,2019-08-05 06:56:21
,型材,PF01-18*33-3米,1979,根,支,2019-08-05 06:55:56
,铝合金,350浅灰色砂文6.15米,33,根,支,2019-08-05 06:19:31
,铝合金,508-喷砂拉丝亚黑（6.2米）,140,根,支,2019-08-02 01:10:54
,铝合金,508-喷砂拉丝亚黑（6.2米）,124,根,支,2019-08-01 01:03:12
,铝合金,320-白砂纹（6.15米）,124,根,支,2019-07-31 23:58:46
,铝合金,350-喷砂拉丝亚黑（6.2米）,628,根,支,2019-07-30 10:04:07
,铝合金,350-喷砂拉丝亚黑（6.2米）,119,根,支,2019-07-30 10:01:41
,铝合金,350-喷砂拉丝亮银（6.15米）,1226,根,支,2019-07-29 04:34:42
,型材,LF02-30*50-3.06米,1075,根,支,2019-07-29 00:20:53
,型材,PF22-20（面宽11.4）*40（高度）-3米（烟台蒋）,335,根,支,2019-07-27 23:50:36
,型材,PF01-18*33-3米,2116,根,支,2019-07-24 09:17:44
,木皮,27#天然白木(7.5cm ),18000,米,米,2019-07-24 09:01:28
,铝合金,508-喷砂拉丝亚黑（6.2米）,1,根,支,2019-07-21 11:53:25
,方料,19*35-3.02米,7920,根,支,2019-07-20 05:38:58
,铝合金,320-拉丝青金(3.07米),34,根,支,2019-07-20 00:55:38
,铝合金,350-拉丝青金,657,根,支,2019-07-20 00:54:21
,方料,23✘44✘2440,4048,根,支,2019-07-17 06:41:12
,铝合金,350-拉丝亮黑3.07米(罗庄),28,根,支,2019-07-17 06:40:05
,铝合金,350-拉丝亚银3.07米(罗庄),586,根,支,2019-07-17 06:39:42
,铝合金,320-拉丝亚银3.07米(罗庄),539,根,支,2019-07-17 06:39:23
,铝合金,350浅灰色砂文6.15米,493,根,支,2019-07-17 06:37:09
,型材,PF 23-18✘40✘3060米,638,根,支,2019-07-17 00:24:50
,型材,PF23-18（面宽）*40（高度）-3米,424,根,支,2019-07-17 00:21:51
,木皮,1#雪花木（30cm),1183,米,米,2019-07-16 01:21:50
,木皮,1#雪花木（16cm),2390,米,米,2019-07-16 01:21:21
,木皮,19#榆木12-2S (9.2cm ),3030,米,米,2019-07-16 01:18:46
,木皮,19#榆木12-2S (8cm ),3180,米,米,2019-07-16 01:18:19
,木皮,16#秋香(09s)30.5cm,2052,米,米,2019-07-16 01:17:56
,木皮,16#秋香09S (9.2cm ),2010,米,米,2019-07-16 01:14:54
,木皮,16#秋香09S (8cm ),2000,米,米,2019-07-16 01:14:14
,型材,PF01-18*33-3米,1871,根,支,2019-07-14 00:47:00
,木皮,18＃橡木108DS(12cm),1005,米,米,2019-07-12 01:24:18
,木皮,10＃黑檀2427S(30cm),2070,米,米,2019-07-12 01:23:54
,木皮,20#黑木(5.5cm ),710,米,米,2019-07-12 01:21:11
,木皮,20#黑木(8cm ),5040,米,米,2019-07-12 01:20:48
,木皮,20#黑木(16cm ),2048,米,米,2019-07-12 01:20:22
,木皮,20#黑木(14cm ),2048,米,米,2019-07-12 01:20:05
,木皮,10黑檀2427S (8cm ),3000,米,米,2019-07-12 01:19:27
,木皮,10#黑檀2427S (9.2cm ),3015,米,米,2019-07-12 01:19:00
,木皮,18#橡木108DS(16cm ),5084,米,米,2019-07-12 01:18:34
,木皮,18#橡木108DS(14cm ),1728,米,米,2019-07-12 01:18:16
,型材,PF06-28*33-3米,1358,根,支,2019-07-11 00:48:34
,型材,PF11-22*30-3米,751,根,支,2019-07-10 00:09:30
,铝合金,350-喷砂三酸拉丝亮金(6.2米),11,根,支,2019-07-09 00:29:46
,方料,21*40-3.02米,1794,根,支,2019-07-09 00:24:30
,型材,LF02-30*50-3米,1792,根,支,2019-07-09 00:23:22
,铝合金,508-喷砂三酸拉丝亮金（6.2米）,730,根,支,2019-07-07 00:48:45
,铝合金,350-喷砂拉丝亮银（6.15米）,63,根,支,2019-07-07 00:48:12
,铝合金,350-黑砂纹（6.15米）,302,根,支,2019-07-06 00:12:21
,铝合金,ZA33-拉丝亮金（6.2米）(小彭）,10,根,支,2019-07-05 00:25:23
,铝合金,350-棕砂纹（6.15米）,104,根,支,2019-07-03 01:25:48
,铝合金,350-蓝砂纹（6.15米）,104,根,支,2019-07-03 01:25:09
,铝合金,350-黄砂纹（6.15米）,104,根,支,2019-07-03 01:24:39
,铝合金,350-蓝砂纹（6.15米）,202,根,支,2019-07-03 01:24:18
,铝合金,350-白砂纹（6.15米）,1494,根,支,2019-07-03 01:23:51
,铝合金,508-白砂纹（6.15米）,101,根,支,2019-07-03 01:22:51
,型材,PF18-30*35-3米（斜面）,75,根,,2019-07-02 23:54:08
,型材,PF07-28*48-3米,869,根,支,2019-07-02 23:53:23
,型材,LF02-30*50-3米,8,根,支,2019-06-25 00:57:17
,型材,PF01-18*33-3米,108,根,支,2019-06-25 00:56:48
,型材,PF26-28（面宽）*21（高度）-3米,34,根,支,2019-06-24 05:22:52
,型材,PF22-20（面宽11.4）*40（高度）-3米（烟台蒋）,16,根,支,2019-06-24 05:16:13
,型材,PF02-20（面宽）*35（高度）-3米,450,根,支,2019-06-24 03:12:46
,型材,PF06-28*33-3米,498,根,支,2019-06-24 03:09:58
,型材,PF04-15*28-3米,240,根,支,2019-06-24 03:06:49
,型材,LF03-30*35-3米,1390,根,支,2019-06-24 03:01:51
,型材,LF02-30*50-3米,100,根,支,2019-06-24 03:00:38
,型材,LF02-30*50-3.06米,35,根,支,2019-06-24 02:59:53
,型材,LF01-25*45-3米,142,根,支,2019-06-24 02:59:09
,铝合金,350-喷砂三酸拉丝亮金（4.35米）,254,根,支,2019-06-24 00:57:02
,铝合金,350-喷砂拉丝亚黑（6.2米）,767,根,支,2019-06-23 06:02:11
,铝合金,350-红砂纹（6.15米）,45,根,支,2019-06-23 05:09:27
,方料,19*42-3.05米（无指接松木）,1295,根,支,2019-06-23 03:01:46
,方料,13*43-3.02米,882,根,支,2019-06-23 03:00:41
,方料,31*53-3.02米,2625,根,支,2019-06-23 02:53:31
,方料,23✘53✘3020,1200,根,支,2019-06-23 02:51:41
,方料,21*40-3.02米,100,根,支,2019-06-23 02:34:23
,木皮,27#天然白木(7.5cm ),10,米,米,2019-06-23 02:07:32
,木皮,27#天然白木(19cm ),170,米,米,2019-06-23 02:07:12
,木皮,11#秋香801c (6.5cm),927,米,米,2019-06-23 01:15:46
,木皮,10黑檀2427S (5.5cm ),848,米,米,2019-06-23 01:06:14
,木皮,8#柚木3347Q（30cm),400,米,米,2019-06-23 00:55:50
,木皮,4#黑杏AE 03S (14cm ),200,米,米,2019-06-23 00:35:48
,木皮,02#橡木609S (9.2cm ),710,米,米,2019-06-23 00:28:19
,木皮,01#雪花木(31cm),514,米,米,2019-06-23 00:19:56
,铝合金,350-喷砂三酸拉丝玫瑰金（6.2米）,504,根,支,2019-06-21 00:02:07
,铝合金,350-灰砂纹（6.15米）,302,根,支,2019-06-21 00:01:43
,方料,19*35-3.02米,1979,根,支,2019-06-19 02:33:21
,方料,19*35-3.02米,1,根,支,2019-06-19 02:31:25
,型材,PF01-18*33-3米,1979,根,支,2019-06-19 00:49:40
,型材,PF22-20（面宽11.4）*40（高度）-3米（烟台蒋）,1013,根,支,2019-06-16 00:33:56
,方料,15*28-3.02米,1125,根,支,2019-06-16 00:33:33
,型材,LF01-25*45-3米,1113,根,支,2019-06-16 00:33:14
,型材,PF23-18（面宽）*40（高度）-3米,417,根,支,2019-06-15 01:09:48
,铝合金,350-绿砂纹（6.15米）,102,根,支,2019-06-14 00:55:27
,铝合金,350-灰砂纹（6.15米）,63,根,支,2019-06-14 00:54:45
,型材,PF01-18*33-3米,940,根,支,2019-06-14 00:54:21
,铝合金,350-喷砂三酸拉丝亮金（6.2米）,121,根,支,2019-06-11 23:54:39
,铝合金,508-喷砂三酸拉丝亮金（6.2米）,102,根,支,2019-06-11 23:54:19
,铝合金,320-喷砂拉丝亚黑（6.2米）,38,根,支,2019-06-11 23:53:40
,铝合金,508-喷砂拉丝亚银（6.2米）,263,根,支,2019-06-11 23:53:01
,铝合金,508-黑砂文（6.15米）,200,根,支,2019-06-09 00:13:48
,方料,19*35-3.02米,4901,根,支,2019-06-09 00:13:22
,型材,PF26-28（面宽）*21（高度）-3米,651,根,支,2019-06-06 00:31:37
,方料,20*22-3.06米,8634,根,支,2019-06-06 00:31:08
,方料,20*22-3.02米,1566,根,支,2019-06-06 00:30:46
,木皮,6#柚木38Q (31cm ),2005,米,米,2019-06-03 10:28:04
,木皮,15#铁刀2238Q（30cm),3052,米,米,2019-06-03 10:26:43
,木皮,11#秋香801c (30cm),2015,米,米,2019-06-03 10:26:14
,木皮,5#麦格利38Q (31cm ),1010,米,米,2019-06-03 10:25:48
,木皮,26#楸木188-1C (5.5cm ),1040,米,米,2019-06-03 10:23:04
,木皮,26#楸木188-1C (11cm ),5225,米,米,2019-06-03 10:22:43
,木皮,20#黑木(31cm ),2025,米,米,2019-06-03 10:22:06
,型材,LF01-25*45-3米,1,根,支,2019-06-03 02:48:58
,铝合金,320-喷砂拉丝亚黑（6.2米）,222,根,支,2019-06-03 02:43:13
,铝合金,350-喷砂三酸拉丝亮金（6.2米）,422,根,支,2019-06-03 02:42:18
,型材,PF01-18*33-3米,1730,根,支,2019-06-01 00:09:32
,铝合金,350-黑砂纹（6.15米）,169,根,支,2019-06-01 00:00:01
,铝合金,ZA33-白砂纹（6.15米）(小彭）,200,根,支,2019-05-31 23:59:35
,铝合金,350-红砂纹（6.15米）,205,根,支,2019-05-31 23:59:20
,型材,PF23-18（面宽）*40（高度）-3米,1080,根,支,2019-05-31 00:27:39
,木皮,20#黑木(8cm ),5040,米,米,2019-05-31 00:08:09
,木皮,4#黑杏AE 03S (9.2cm ),3064,米,米,2019-05-31 00:07:41
,木皮,4#黑杏AE 03S (8cm ),3000,米,米,2019-05-31 00:06:42
,木皮,4#黑杏AE 03S (14cm ),3072,米,米,2019-05-31 00:06:16
,木皮,801#天然黑胡桃，染色(10cm),1500,米,米,2019-05-31 00:04:23
,木皮,27#天然白木(20.5cm),300,米,米,2019-05-31 00:02:25
,木皮,27#天然白木(13cm ),76,米,米,2019-05-31 00:01:24
,木皮,27#天然白木(21cm ),2070,米,米,2019-05-31 00:00:11
,木皮,27#天然白木(27cm ),1071,米,米,2019-05-30 23:59:49
,木皮,08#橡木3347Q(9.2cm),3021,米,米,2019-05-30 23:56:38
,木皮,08#橡木3347Q(31cm),1088,米,米,2019-05-30 23:56:18
,木皮,8#柚木3347Q（8cm),3000,米,米,2019-05-30 23:53:52
,木皮,24#黑胡桃1001S (31cm ),2017,米,米,2019-05-30 23:52:56
,木皮,14#银梨1Q （9.2cm ）,2058,米,米,2019-05-30 23:52:24
,木皮,14#银梨1Q （8cm ）,2064,米,米,2019-05-30 23:52:07
,木皮,02#橡木609S(8cm),3092,米,米,2019-05-30 23:49:04
,木皮,02#橡木609S (9.2cm ),3092,米,米,2019-05-30 23:47:11
,铝合金,350-喷砂三酸拉丝玫瑰金（6.2米）,1,根,支,2019-05-30 00:03:14
,铝合金,508-拉丝亚黑（2.7米）,7,根,支,2019-05-30 00:02:56
,铝合金,350-白砂纹（6.15米）,5,根,支,2019-05-30 00:02:35
,铝合金,350-喷砂三酸拉丝玫瑰金（6.2米）,5,根,支,2019-05-30 00:02:13
,铝合金,320-喷砂三酸拉丝亮金（6.2米）,50,根,支,2019-05-30 00:01:45
,铝合金,320-喷砂拉丝亚黑（6.2米）,10,根,支,2019-05-30 00:01:12
,铝合金,350-喷砂拉丝亚银（6.2米）,25,根,支,2019-05-30 00:00:51
,铝合金,350-喷砂三酸拉丝亮金（6.2米）,205,根,支,2019-05-30 00:00:30
,铝合金,508-喷砂拉丝亚黑（6.2米）,45,根,支,2019-05-30 00:00:12
,铝合金,ZA34-白砂纹（6.15米）(梵澜堂),41,根,支,2019-05-29 23:59:51
,铝合金,320-白砂纹（6.15米）,55,根,支,2019-05-29 23:59:34
,铝合金,320-喷砂拉丝亚银（6.2米）,1,根,支,2019-05-29 23:59:18
,铝合金,508-白砂纹（6.15米）,15,根,支,2019-05-29 23:58:55
,铝合金,350-喷砂拉丝亚黑（6.2米）,120,根,支,2019-05-29 23:58:37
,型材,LF01-25*45-3米,396,根,支,2019-05-29 23:58:00
,型材,PF01-18*33-3米,58,根,支,2019-05-29 23:57:03
,型材,PF06-28*33-3米,30,根,支,2019-05-29 23:56:41
,型材,PF07-28*48-3米,144,根,支,2019-05-29 23:56:26
,型材,PF08-48*28-3米,462,根,支,2019-05-29 23:56:09
,方料,25 X 48X 3.02米,5011,根,支,2019-05-28 00:24:07
,方料,19*35-3.02米,1751,根,支,2019-05-28 00:23:47
,方料,16*36.5-1.9米,16170,根,支,2019-05-28 00:23:21
,铝合金,508-喷砂拉丝亚银（6.2米）,239,根,支,2019-05-28 00:21:35
,铝合金,350-喷砂三酸拉丝亮金（6.2米）,1200,根,支,2019-05-28 00:21:13
,型材,PF04-15*28-3米,2131,根,支,2019-05-28 00:20:41
,型材,PF04-15*28-3米,2131,根,支,2019-05-27 01:04:14
,铝合金,350-喷砂三酸拉丝亮金（6.2米）,101,根,支,2019-05-27 00:58:55
,方料,21*40-3.02米,1091,根,支,2019-05-27 00:51:58
,铝合金,350-喷砂三酸拉丝亮金（4.35米）,2600,根,支,2019-05-26 09:37:10
,方料,19*35-3.02米,8,根,支,2019-05-25 23:44:37
,型材,LF02-30*50-3米,1070,根,支,2019-05-25 23:43:23
,铝合金,350-喷砂三酸拉丝亮金（4.35米）,2570,根,支,2019-05-25 01:48:32
,铝合金,350-喷砂三酸拉丝亮金（4.35米）,1179,根,支,2019-05-25 01:16:48
,铝合金,320-喷砂拉丝亚黑（6.2米）,106,根,支,2019-05-25 00:26:55
,铝合金,320-喷砂拉丝亚黑（6.2米）,120,根,支,2019-05-25 00:26:05
,型材,LF02-30*50-3米,3,根,支,2019-05-23 01:06:12
,型材,PF04-15*28-3米,78,根,支,2019-05-23 01:05:29
,木皮,27#天然白木(7.5cm ),15158,米,米,2019-05-22 23:59:02
,木皮,24#黑胡桃（1001S 9.2cm）,2188,米,米,2019-05-22 23:58:24
,木皮,24#黑胡桃（1001S 8cm）,2010,米,米,2019-05-22 23:57:28
,木皮,24#黑胡桃（1001S 14cm）,2010,米,米,2019-05-22 23:56:50
,木皮,6#柚木38Q (31cm ),1020,米,米,2019-05-22 13:06:35
,木皮,25#天然柚木（5188S 14cm ）,1620,米,米,2019-05-22 13:06:01
,木皮,25#天然柚木（5188S 31cm ）,1500,米,米,2019-05-22 13:05:34
,木皮,25#天然柚木（5188S 8cm ）,1960,米,米,2019-05-22 13:05:05
,木皮,25天然柚木(5188S 16cm ),1004,米,米,2019-05-22 13:02:39
,木皮,25天然柚木(5188S 9.2cm ),804,米,米,2019-05-22 13:02:19
,铝合金,350-黑砂纹（6.15米）,21,根,支,2019-05-22 13:01:46
,铝合金,508-黑砂文（6.15米）,100,根,支,2019-05-22 13:01:17
,铝合金,350-喷砂三酸拉丝亮金（4.35米）,1355,根,支,2019-05-22 12:59:32
,型材,LF03-30*35-3米,8200,根,支,2019-05-22 00:56:59
,型材,PF01-18*33-3米,2071,根,支,2019-05-22 00:53:41
,木皮,26#楸木188-1C （16CM）,600,米,米,2019-05-22 00:52:33
,铝合金,ZA45-银白（包覆3.0米）,72,根,支,2019-05-22 00:45:52
,型材,PF04-15*28-3米,355,根,支,2019-05-20 00:31:23
,铝合金,350-棕砂纹（6.15米）,99,根,支,2019-05-20 00:24:56
,铝合金,508-喷砂拉丝亚银（6.2米）,340,根,支,2019-05-19 01:06:09
,型材,PF07-28*48-3米,838,根,支,2019-05-19 00:47:29
,木皮,8#柚木3347Q（30cm),347,米,米,2019-05-19 00:45:34
,木皮,26#楸木188-1C (26cm ),320,米,米,2019-05-19 00:45:03
,木皮,10黑檀2427S (8cm ),288,米,米,2019-05-19 00:44:11
,木皮,22#银橡7S (8cm ),300,米,米,2019-05-19 00:43:43
,木皮,23#黑橡24S (8cm ),600,米,米,2019-05-19 00:43:00
,木皮,26#楸木188-1C (8cm ),320,米,米,2019-05-19 00:39:41
,木皮,20#黑木(31cm ),300,米,米,2019-05-19 00:39:16
,木皮,14#银梨1Q （30cm ）,335,米,米,2019-05-19 00:38:52
,木皮,16#秋香09S (8cm ),774,米,米,2019-05-19 00:38:26
,木皮,24#黑胡桃1001S (31cm ),670,米,米,2019-05-19 00:37:48
,铝合金,508-灰砂纹（6.15米）,195,根,支,2019-05-19 00:36:51
,铝合金,508-白砂纹（6.15米）,485,根,支,2019-05-19 00:36:28
,铝合金,350-红砂纹（6.15米）,54,根,支,2019-05-17 01:12:33
,铝合金,320-白砂纹（6.15米）,214,根,支,2019-05-17 01:12:14
,型材,PF18-30*35-3米（斜面）,1095,根,支,2019-05-17 01:11:43
,铝合金,508-灰砂纹（6.15米）,18,根,支,2019-05-15 01:26:20
,铝合金,350-喷砂拉丝亮银（6.15米）,7,根,支,2019-05-15 01:14:28
,铝合金,350-红砂纹（6.15米）,35,根,支,2019-05-15 01:09:09
,铝合金,320-喷砂拉丝亚黑（6.2米）,77,根,支,2019-05-15 00:30:30
,方料,23*44*3030,3375,根,支,2019-05-13 00:08:58
,方料,29*39*3030,7068,根,支,2019-05-13 00:07:50
,方料,23*44*3060,4212,根,支,2019-05-13 00:05:18
,木皮,23#黒橡24S (14cm ),2010,米,米,2019-05-12 01:43:00
,方料,23*44*3060,7621,根,支,2019-05-12 00:56:19
,方料,23*44*3030,5184,根,支,2019-05-12 00:55:56
,方料,29*39*3060,5208,根,支,2019-05-12 00:54:50
,型材,PF07-28*48-3米,856,根,支,2019-05-09 00:35:00
,铝合金,ZA33-拉丝亚黑（6.15米）(小彭）,479,根,支,2019-05-08 11:31:43
,铝合金,350-喷砂三酸拉丝亮金（4.35米）,280,根,支,2019-05-08 11:31:06
,木皮,25#天然柚木(5188S 7cm ),4500,米,米,2019-05-07 08:13:34
,木皮,25天然柚木(5188S 9.2cm ),1200,米,米,2019-05-07 08:11:24
,木皮,27#天然白木(19cm ),690,米,米,2019-05-07 08:10:46
,木皮,27#天然白木(18cm ),820,米,米,2019-05-07 08:10:23
,木皮,27#天然白木(13cm ),235,米,米,2019-05-07 08:09:59
,木皮,27#天然白木(27cm ),1120,米,米,2019-05-07 08:07:53
,木皮,27#天然白木(7.5cm ),19909,米,米,2019-05-07 08:07:28
,型材,LF03-30✘35✘3.02米前宽7MM,1150,根,支,2019-05-07 00:47:34
,型材,LF03-30✘35✘3.02米前宽7MM,1,根,支,2019-05-07 00:46:49
,方料,31✘36.5✘3.07米,2127,根,支,2019-05-06 09:25:48
,铝合金,ZA44-哑光黑色（5.9米）(仰眼),107,根,支,2019-05-06 00:54:12
,铝合金,ZA44-哑光金色（5.9米）(仰眼),103,根,支,2019-05-06 00:53:51
,型材,PF01-18*33-3米,1642,根,支,2019-05-06 00:44:38
,方料,21*22-3.02米,-105,根,支,2019-05-06 00:41:15
,方料,31✘36.5✘3.07米,2574,根,支,2019-05-06 00:38:50
,方料,31✘36.5✘3.07米,2574,根,支,2019-05-06 00:38:12
,木皮,27#天然白木(7.5cm ),8925,米,米,2019-05-04 09:43:49
,木皮,27#天然白木(21cm ),903,米,米,2019-05-04 09:43:22
,方料,31*36.5-3.02米,1003,根,支,2019-05-04 09:41:57
,方料,31*53-3.02米,3783,根,支,2019-05-04 09:41:26
,型材,PF11-22*30-3米,350,根,支,2019-05-04 00:20:22
,型材,PF11-22*30-3米,72,根,支,2019-05-04 00:16:32
,方料,13*43-3.02米,97,根,支,2019-05-04 00:15:47
,型材,PF10-40（宽）*22（高）-3米,1172,根,支,2019-05-01 00:55:01
,铝合金,350-黄砂纹（6.15米）,102,根,支,2019-04-30 11:05:37
,铝合金,ZA33-拉丝亚黑（6.15米）(小彭）,286,根,支,2019-04-30 11:04:18
,铝合金,350-喷砂三酸拉丝亮金（6.2米）,1240,根,支,2019-04-30 11:03:44
,铝合金,350-拉丝哑黑(4.52米),210,根,支,2019-04-30 11:03:15
,铝合金,320-白砂纹（6.15米）,810,根,支,2019-04-30 11:02:52
,铝合金,320-喷砂三酸拉丝亮金（6.2米）,836,根,支,2019-04-30 11:02:21
,方料,19*35-3.02米,1643,根,支,2019-04-30 09:06:46
,方料,31*53-3.02米,897,根,支,2019-04-30 09:06:29
,方料,31*53-3.06米,3327,根,支,2019-04-30 09:06:03
,木皮,27#天然白木(7.5cm ),-3600,米,米,2019-04-30 00:55:22
,铝合金,320-喷砂三酸拉丝亮金（6.2米）,-1,根,支,2019-04-30 00:52:52
,铝合金,350-喷砂三酸拉丝玫瑰金（6.2米）,-1,根,支,2019-04-30 00:52:28
,铝合金,508-拉丝亚黑（2.7米）,-64,根,支,2019-04-30 00:52:09
,方料,31✘36.5✘3.07米,-1089,根,支,2019-04-30 00:51:37
,铝合金,320-喷砂三酸拉丝亮金（6.2米）,1,根,支,2019-04-30 00:50:13
,铝合金,350-喷砂三酸拉丝玫瑰金（6.2米）,1,根,支,2019-04-30 00:49:56
,铝合金,508-拉丝亚黑（2.7米）,64,根,支,2019-04-30 00:49:26
,木皮,27#天然白木(7.5cm ),3600,米,米,2019-04-30 00:48:47
,方料,31✘36.5✘3.07米,1089,根,支,2019-04-30 00:48:14
,型材,LF03-30*35-3米,1087,根,支,2019-04-30 00:47:37
,方料,19*35-3.02米,2100,根,支,2019-04-29 06:48:06
,木皮,27#天然白木(7.5cm ),6000,米,米,2019-04-28 06:42:48
,木皮,27#天然白木(21cm ),1320,米,米,2019-04-28 06:42:25
,木皮,18#橡木108DS(9.2cm ),1030,米,米,2019-04-28 06:40:31
,木皮,18#橡木108DS(16cm ),3070,米,米,2019-04-28 06:40:03
,木皮,02#橡木609S (30cm ),1020,米,米,2019-04-28 06:39:39
,木皮,10黑檀2427S (5.5cm ),848,米,米,2019-04-28 01:12:05
,铝合金,350-拉丝哑黑(4.52米),985,根,支,2019-04-27 10:50:42
,铝合金,508-喷砂拉丝亚黑（6.2米）,667,根,支,2019-04-27 10:49:27
,木皮,23#黑橡24S (8cm ),3000,米,米,2019-04-26 02:34:13
,木皮,23黑橡24S (9.2cm ),2260,米,米,2019-04-26 02:32:43
,木皮,23黑橡24S (30cm ),3005,米,米,2019-04-26 02:31:48
,木皮,23黑橡24S (16cm ),2010,米,米,2019-04-26 02:31:26
,木皮,22#银橡7S (30cm ),3075,米,米,2019-04-26 02:31:05
,型材,PF 29-19*40*3020,373,根,支,2019-04-26 02:20:28
,铝合金,ZA33-拉丝亚黑（6.15米）(小彭）,480,根,支,2019-04-25 09:29:30
,铝合金,ZA33-拉丝亮金（6.2米）(小彭）,478,根,支,2019-04-25 09:29:06
,铝合金,350-喷砂三酸拉丝亮金（6.2米）,1629,根,支,2019-04-25 09:28:44
,型材,PF02-20（面宽）*35（高度）-3米,8449,根,支,2019-04-24 05:00:52
,铝合金,320-喷砂拉丝亚银（6.2米）,510,根,支,2019-04-23 00:48:53
,铝合金,ZA33-拉丝亚黑（6.15米）(小彭）,957,根,支,2019-04-22 09:59:54
,铝合金,320-白砂纹（6.15米）,323,根,支,2019-04-22 09:59:26
,方料,31✘36.5✘3.07米,3248,根,支,2019-04-22 09:33:53
,木皮,26#楸木188-1C (9.2cm ),3582,米,米,2019-04-21 03:19:34
,铝合金,350-喷砂三酸拉丝亮金(6.2米),10,根,支,2019-04-21 03:10:52
,型材,PF01-18*33-3米,1861,根,支,2019-04-21 00:39:49
,型材,PF05-15*40-3米,3452,根,支,2019-04-20 00:40:36
,铝合金,350-红砂纹（6.15米）,229,根,支,2019-04-19 11:04:18
,铝合金,350-喷砂三酸拉丝亮金（4.35米）,272,根,支,2019-04-19 11:03:53
,铝合金,508-棕砂纹（6.15米）,104,根,支,2019-04-19 11:03:32
,铝合金,320-白砂纹（6.15米）,1270,根,支,2019-04-19 11:03:02
,型材,PF10-40（宽）*22（高）-3米,325,根,支,2019-04-19 10:34:23
,型材,PF10-40（宽）*22（高）-3米,775,根,支,2019-04-19 10:33:49
,方料,21*22-3.02米,2655,根,支,2019-04-19 10:30:29
,型材,LF03-30*35-3米,2620,根,支,2019-04-19 10:27:34
,型材,PF15-20*60-3米,211,根,支,2019-04-19 10:26:29
,铝合金,350-白砂纹（6.15米）,1700,根,支,2019-04-19 10:10:52
,铝合金,350-白砂纹（6.15米）,-1544,根,支,2019-04-19 10:04:32
,铝合金,350-白砂纹（6.15米）,-148,根,支,2019-04-19 09:54:20
,木皮,26#楸木188-1C (5.5cm ),8,米,米,2019-04-19 08:42:30
,木皮,27#天然白木(27cm ),300,米,米,2019-04-18 09:16:14
,木皮,22#银橡7S (8cm ),3000,米,米,2019-04-18 09:13:38
,木皮,22#银橡7S (16cm ),2010,米,米,2019-04-18 09:13:05
,木皮,22#银橡7S (14cm ),2010,米,米,2019-04-18 09:12:40
,木皮,22#银橡7S (9.2cm ),2252,米,米,2019-04-18 09:10:56
,木皮,20#黑木(16cm ),2010,米,米,2019-04-18 09:08:37
,木皮,20#黑木(14cm ),2010,米,米,2019-04-18 09:08:25
,型材,LF01-25*45-3米,399,根,支,2019-04-17 10:03:05
,型材,LF01-25*45-3米,399,根,支,2019-04-17 10:01:56
,型材,PF26-28（面宽）*21（高度）-3米,207,根,支,2019-04-17 10:00:23
,型材,PF23-18（面宽）*40（高度）-3米,470,根,支,2019-04-17 09:59:55
,型材,LF01-25*45-3米,1623,根,支,2019-04-17 02:00:22
,型材,LF01-25*45-3米,1968,根,支,2019-04-17 01:37:54
,型材,LF01-25*45-3米,-399,根,支,2019-04-17 01:36:59
,型材,LF01-25*45-3米,2007,根,支,2019-04-17 01:32:45
,木皮,19#榆木12-2S (14cm ),900,米,米,2019-04-17 01:31:36
,木皮,19#榆木12-2S (14cm ),-300,米,米,2019-04-17 01:29:46
,木皮,24#黑胡桃1001S (31cm ),680,米,米,2019-04-17 01:27:14
,木皮,24#黑胡桃1001S (31cm ),-340,米,米,2019-04-17 01:23:22
,木皮,30#白藤904S (4cm ),1285,米,米,2019-04-17 01:12:07
,木皮,30#白藤904S (8cm ),455,米,米,2019-04-17 01:11:15
,木皮,30#白藤904S (9.2cm ),2392,米,米,2019-04-17 01:10:56
,木皮,30#白藤904S (16cm ),2556,米,米,2019-04-17 01:10:21
,木皮,30#白藤904S (26cm ),1675,米,米,2019-04-17 01:09:55
,木皮,26#楸木188-1C (4cm ),9520,米,米,2019-04-17 01:06:44
,木皮,26#楸木188-1C (5.5cm ),2020,米,米,2019-04-17 01:06:09
,木皮,26#楸木188-1C (8cm ),4800,米,米,2019-04-17 01:05:41
,木皮,25天然柚木(5188S 9.2cm ),3582,米,米,2019-04-17 01:04:55
,木皮,26#楸木188-1C (11cm ),4725,米,米,2019-04-17 01:04:26
,木皮,26#楸木188-1C (13.1cm ),335,米,米,2019-04-17 01:04:03
,木皮,26#楸木188-1C (26cm ),2875,米,米,2019-04-17 01:03:43
,木皮,26#楸木188-1C (30cm ),6258,米,米,2019-04-17 01:03:23
,木皮,25天然柚木(5188S 9.2cm ),1017,米,米,2019-04-17 00:58:23
,木皮,25天然柚木(5188S 16cm ),1705,米,米,2019-04-17 00:57:55
,木皮,25天然柚木(5188S 26cm ),1675,米,米,2019-04-17 00:57:23
,木皮,24#黑胡桃1001S (31cm ),2695,米,米,2019-04-17 00:53:54
,木皮,23黑橡24S (4cm ),1005,米,米,2019-04-17 00:50:59
,木皮,23黑橡24S (9.2cm ),1005,米,米,2019-04-17 00:50:19
,木皮,23黑橡24S (16cm ),1005,米,米,2019-04-17 00:49:53
,木皮,23黑橡24S (30cm ),750,米,米,2019-04-17 00:49:28
,木皮,22#银橡7S (9.2cm ),352,米,米,2019-04-17 00:46:27
,木皮,22#银橡7S (30cm ),250,米,米,2019-04-17 00:45:49
,木皮,21#白木（16cm),242,米,米,2019-04-17 00:44:07
,木皮,21#白木（30cm),1519,米,米,2019-04-17 00:43:39
,木皮,20#黑木(6.5cm ),-3042,米,米,2019-04-17 00:42:40
,木皮,20#黑木(6.5cm ),3042,米,米,2019-04-17 00:41:26
,木皮,20#黑木(6.5cm ),3042,米,米,2019-04-17 00:41:22
,木皮,20#黑木(5.5cm ),133,米,米,2019-04-17 00:40:22
,木皮,20#黑木(8cm ),1340,米,米,2019-04-17 00:40:00
,木皮,20#黑木(9.2cm ),3858,米,米,2019-04-17 00:39:33
,木皮,20#黑木(16cm ),300,米,米,2019-04-17 00:39:14
,木皮,20#黑木(31cm ),5882,米,米,2019-04-17 00:38:48
,木皮,19#榆木12-2S (26cm ),335,米,米,2019-04-17 00:36:26
,木皮,19#榆木12-2S (4cm ),320,米,米,2019-04-17 00:36:06
,木皮,19#榆木12-2S (14cm ),2400,米,米,2019-04-17 00:34:13
,木皮,19#榆木12-2S (31cm ),2148,米,米,2019-04-17 00:33:18
,木皮,19#榆木12-2S (31cm ),-2248,米,米,2019-04-17 00:32:28
,木皮,19#榆木12-2S (31cm ),2348,米,米,2019-04-17 00:31:56
,木皮,19#榆木12-2S (31cm ),-5882,米,米,2019-04-17 00:30:35
,木皮,19#榆木12-2S (16cm ),4675,米,米,2019-04-17 00:30:02
,木皮,19#榆木12-2S (31cm ),5882,米,米,2019-04-17 00:28:28
,木皮,18#橡木108DS(4cm ),2010,米,米,2019-04-17 00:25:24
,木皮,18#橡木108DS(5.5cm ),1305,米,米,2019-04-17 00:24:52
,木皮,18#橡木108DS(8cm ),9575,米,米,2019-04-17 00:24:33
,木皮,18#橡木108DS(9.2cm ),6062,米,米,2019-04-17 00:24:14
,木皮,18#橡木108DS(14cm ),1860,米,米,2019-04-17 00:23:31
,木皮,18#橡木108DS(16cm ),2680,米,米,2019-04-17 00:23:06
,木皮,18#橡木108DS(26cm ),1264,米,米,2019-04-17 00:22:44
,木皮,18#橡木108DS(30cm ),2010,米,米,2019-04-17 00:22:21
,木皮,17#雀巢52N（6.5cm),1006,米,米,2019-04-17 00:18:10
,木皮,17#雀巢52N（30cm),1576,米,米,2019-04-17 00:17:46
,木皮,16#秋香09S (9.2cm ),1074,米,米,2019-04-17 00:17:12
,木皮,16#秋香09S (8cm ),1114,米,米,2019-04-17 00:16:49
,木皮,16#秋香09S (26cm ),2318,米,米,2019-04-17 00:16:23
,木皮,15#铁刀2238Q（30cm),1058,米,米,2019-04-17 00:14:23
,木皮,12#斑马2078S (6.5cm ),235,米,米,2019-04-17 00:13:55
,木皮,12#斑马2078S (26cm ),240,米,米,2019-04-17 00:13:32
,木皮,10黑檀2427S (4cm ),923,米,米,2019-04-16 10:45:52
,木皮,10黑檀2427S (5.5cm ),849,米,米,2019-04-16 10:45:20
,木皮,10黑檀2427S (8cm ),1740,米,米,2019-04-16 10:45:00
,木皮,10#黑檀2427S (9.2cm ),335,米,米,2019-04-16 10:44:36
,木皮,10黑檀2427S (14cm ),300,米,米,2019-04-16 10:44:09
,木皮,10#黑檀2427S (26cm ),1458,米,米,2019-04-16 10:43:43
,木皮,10#黑檀2427S (16cm ),3688,米,米,2019-04-16 10:43:24
,木皮,8#柚木3347Q（30cm),2010,米,米,2019-04-16 10:36:41
,木皮,8#柚木3347Q（5.5cm),714,米,米,2019-04-16 10:36:11
,木皮,8#柚木3347Q（30cm),250,米,米,2019-04-16 10:35:40
,木皮,8#柚木3347Q（16cm),1055,米,米,2019-04-16 10:35:09
,木皮,6#柚木38Q (31cm ),1301,米,米,2019-04-16 10:31:19
,木皮,5#麦格利38Q (6.5cm ),295,米,米,2019-04-16 10:29:15
,木皮,5#麦格利38Q (31cm ),1065,米,米,2019-04-16 10:28:59
,木皮,4#黑杏AE 03S (4cm ),1183,米,米,2019-04-16 10:17:44
,木皮,4#黑杏AE 03S (8cm ),880,米,米,2019-04-16 10:16:53
,木皮,4#黑杏AE 03S (8cm ),-330,米,米,2019-04-16 10:14:58
,木皮,4#黑杏AE 03S (8cm ),-1740,米,米,2019-04-16 10:12:10
,木皮,4#黑杏AE 03S (8cm ),1183,米,米,2019-04-16 10:10:10
,木皮,4#黑杏AE 03S (5.5cm ),258,米,米,2019-04-16 10:09:16
,木皮,4#黑杏AE 03S (8cm ),1740,米,米,2019-04-16 10:08:55
,木皮,4#黑杏AE 03S (9.2cm ),2070,米,米,2019-04-16 10:07:47
,木皮,4#黑杏AE 03S (14cm ),1355,米,米,2019-04-16 10:06:37
,木皮,4#黑杏AE 03S (16cm ),3395,米,米,2019-04-16 10:06:02
,木皮,4#黑杏AE 03S (30cm ),830,米,米,2019-04-16 10:05:34
,木皮,4#黑杏AE 03S (26cm ),1800,米,米,2019-04-16 10:02:52
,木皮,2# 橡木609S (26cm ),2455,米,米,2019-04-16 09:52:56
,木皮,2#橡木609S 4(cm ),364,米,米,2019-04-16 09:50:04
,木皮,02#橡木609S (9.2cm ),1005,米,米,2019-04-16 09:44:30
,铝合金,ZA44-哑光黑色（5.9米）(仰眼),161,根,支,2019-04-16 08:47:22
,铝合金,ZA44-哑光金色（5.9米）(仰眼),155,根,支,2019-04-16 08:46:43
,铝合金,350-喷砂三酸拉丝亮金（4.35米）,474,根,根,2019-04-16 08:43:59
,铝合金,350-喷砂拉丝亚黑（6.2米）,1118,根,支,2019-04-16 08:39:11
,铝合金,350-喷砂拉丝亚银（6.2米）,801,根,支,2019-04-16 08:38:49
,木皮,11#秋香801c (6.5cm),235,米,米,2019-04-16 04:51:38
,木皮,11#秋香801c (30cm),1270,米,米,2019-04-16 04:50:12
,木皮,14#银梨1Q （30cm ）,1005,米,米,2019-04-16 04:45:50
,木皮,14#银梨1Q （30cm ）,2045,米,米,2019-04-16 04:44:39
,木皮,1#雪花木（8cm ）,3108,米,米,2019-04-16 04:39:08
,型材,LF01-25*45-3米,424,根,支,2019-04-16 04:33:07
,型材,LF01-25*45-3米,4751,根,支,2019-04-16 04:32:26
,型材,LF01-25*45-3米,-4750,根,支,2019-04-16 04:31:31
,型材,LF01-25*45-3米,4750,根,支,2019-04-16 04:31:11
,木皮,1#雪花木（7cm),3300,米,米,2019-04-16 04:27:31
,木皮,1#雪花木（16cm),1000,米,米,2019-04-15 06:08:52
,木皮,1#雪花木（5.5cm),400,米,米,2019-04-15 06:08:10
,木皮,1#雪花木（4cm),800,米,米,2019-04-15 06:07:50
,木皮,1#雪花木（16cm),250,米,米,2019-04-15 05:47:57
,木皮,1#雪花木（30cm),587,米,米,2019-04-15 05:47:34
,木皮,1#雪花木（30cm),264,米,米,2019-04-15 05:47:00
,铝合金,ZA44-哑光黑色（5.9米）(仰眼),53,根,支,2019-04-15 03:31:37
,铝合金,ZA44-哑光金色（5.9米）(仰眼),51,根,支,2019-04-15 03:31:15
,铝合金,ZA34-白砂纹（6.15米）(梵澜堂),295,根,支,2019-04-15 03:30:46
,铝合金,ZA33-白砂纹（6.15米）(小彭）,160,根,支,2019-04-15 03:30:23
,铝合金,ZA33-拉丝亮金（6.2米）(小彭）,2281,根,支,2019-04-15 03:29:58
,铝合金,ZA33-拉丝亚黑（6.15米）(小彭）,1063,根,支,2019-04-15 03:29:40
,铝合金,ZA32-拉丝亮金（6.15米）(仟像）,-13686,根,支,2019-04-15 03:28:33
,铝合金,ZA32-拉丝亮金（6.15米）(仟像）,-2281,根,支,2019-04-15 03:26:19
,铝合金,ZA32-拉丝亮金（6.15米）(仟像）,2281,根,支,2019-04-15 03:24:37
,铝合金,508-喷砂三酸拉丝亮金（6.2米）,185,根,支,2019-04-15 03:20:05
,铝合金,508-白砂纹（6.15米）,379,根,支,2019-04-15 03:19:19
,铝合金,508-灰砂纹（6.15米）,52,根,支,2019-04-15 03:18:45
,铝合金,508-棕砂纹（6.15米）,16,根,支,2019-04-15 03:18:26
,铝合金,508-拉丝亚黑（2.7米）,175,根,支,2019-04-15 03:18:01
,铝合金,508-喷砂拉丝亮银（6.15米）,287,根,支,2019-04-15 03:17:37
,铝合金,508-喷砂拉丝亚黑（6.2米）,684,根,支,2019-04-15 03:17:12
,铝合金,508-喷砂拉丝亚银（6.2米）,326,根,支,2019-04-15 03:16:41
,铝合金,508-喷砂三酸拉丝亮金（6.2米）,290,根,支,2019-04-15 03:16:07
,铝合金,350-黑砂纹（6.15米）,177,根,支,2019-04-15 03:15:19
,铝合金,350-黄砂纹（6.15米）,36,根,支,2019-04-15 03:14:53
,铝合金,350-蓝砂纹（6.15米）,507,根,支,2019-04-15 03:14:18
,铝合金,350-绿砂纹（6.15米）,134,根,支,2019-04-15 03:13:45
,铝合金,350-红砂纹（6.15米）,19,根,支,2019-04-15 03:13:20
,铝合金,350-白砂纹（6.15米）,965,根,支,2019-04-15 03:11:38
,铝合金,350-白砂纹（6.15米）,1030,根,支,2019-04-15 03:11:10
,铝合金,350-灰砂纹（6.15米）,250,根,支,2019-04-15 03:10:45
,铝合金,350-浅咖色砂纹（6.15米）,747,根,支,2019-04-15 03:10:16
,铝合金,350-棕砂纹（6.15米）,105,根,支,2019-04-15 03:09:47
,铝合金,350-喷砂拉丝亮银（6.15米）,33,根,支,2019-04-15 03:09:07
,铝合金,350-喷砂拉丝亚黑（6.2米）,6532,根,支,2019-04-15 03:08:34
,铝合金,350-喷砂拉丝亚银（6.2米）,1492,根,支,2019-04-15 03:08:08
,铝合金,350-喷砂三酸拉丝玫瑰金（6.2米）,520,根,支,2019-04-15 03:06:57
,铝合金,350-喷砂三酸拉丝亮金（6.2米）,5010,根,支,2019-04-15 03:06:33
,铝合金,350-咖色砂纹（6.15米）,106,根,支,2019-04-15 03:06:05
,铝合金,320-白砂纹（6.15米）,670,根,支,2019-04-15 03:04:33
,铝合金,320-拉丝亚黑（2.7米）,2196,根,支,2019-04-15 02:45:48
,铝合金,320-喷砂拉丝亚黑（6.2米）,231,根,支,2019-04-15 02:45:22
,铝合金,320-喷砂拉丝亚银（6.2米）,13,根,支,2019-04-15 02:44:49
,铝合金,320-喷砂三酸拉丝亮银（6.15米）,471,根,支,2019-04-15 02:44:19
,铝合金,320-喷砂三酸拉丝亮金（6.2米）,2818,根,支,2019-04-15 02:43:43
,型材,LF03-30*35-3米,1206,根,支,2019-04-15 02:30:18
,型材,LF03-30*35-3米,4446,根,支,2019-04-15 02:23:54
,型材,PF09-20*50.8-3米,476,根,支,2019-04-15 02:15:52
,型材,PF08-48*28-3米,329,根,支,2019-04-15 02:15:18
,型材,PF07-28*48-3米,1172,根,支,2019-04-15 02:14:53
,型材,PF06-28*33-3米,2066,根,支,2019-04-15 02:14:25
,型材,PF05-15*40-3米,314,根,支,2019-04-15 02:13:12
,型材,PF04-15*28-3米,820,根,支,2019-04-15 02:12:46
,型材,PF01-18*33-3米,8,根,支,2019-04-15 02:12:10
,型材,PF01-18*33-3米,1337,根,支,2019-04-15 02:11:18
,型材,LF02-30*50-3米,1042,根,支,2019-04-15 02:08:44
,型材,LF02-30*50-3.06米,493,根,支,2019-04-15 02:08:20
,型材,LF01-25*45-3米,424,根,支,2019-04-15 02:07:47
,方料,31*36.5-3.02米,-2670,根,支,2019-04-15 01:56:56
,方料,31*36.5-3.02米,2670,根,支,2019-04-15 01:56:08
,方料,31*36.5-3.02米,2670,根,支,2019-04-15 01:56:04
,方料,21*36.5-3.02米,5340,根,支,2019-04-15 01:54:03
,方料,21*36.5-3.02米,-2670,根,支,2019-04-15 01:52:32
,方料,21X 40X 3.06米,679,根,支,2019-04-15 01:41:33
,方料,21*40-3.02米,3616,根,支,2019-04-15 01:40:58
,方料,15*28-3.02米,1194,根,支,2019-04-15 01:39:26
,方料,21*62-3.02米,738,根,支,2019-04-15 01:38:51
,方料,29✘35✘3.02米,2720,根,支,2019-04-15 01:37:27
,方料,19*35-3.02米,1870,根,支,2019-04-15 01:33:55
,方料,16✘43✘3.02,9961,根,支,2019-04-15 01:33:01
,方料,21*36.5-3.02米,2670,根,支,2019-04-15 01:31:07
,方料,23*41-3.02米,10282,根,支,2019-04-15 01:30:43
,方料,23✘53✘3020,3680,根,支,2019-04-15 01:05:45
,方料,15*28-3.02米,2135,根,支,2019-04-15 01:00:31
,型材,LF01-25*45-3米,2007,根,支,2019-04-15 00:59:25
,方料,25 X 48X 3.02米,1200,根,支,2019-04-15 00:58:48
,型材,PF11-22*30-3米,1550,根,支,2019-04-15 00:52:37
,方料,22*31-3.02米,2172,根,支,2019-04-15 00:52:10
,方料,21*40-3.02米,820,根,支,2019-04-15 00:49:35
,型材,LF02-30*50-3米,788,根,支,2019-04-15 00:48:55
,方料,31*35-3.02米,0,根,支,2019-04-15 00:48:18
,方料,21X 40X 3.06米,730,根,支,2019-04-15 00:45:31
,型材,LF02-30*50-3.06米,699,根,支,2019-04-15 00:33:57
,方料,31*53-3.06米,1470,根,支,2019-04-15 00:33:31
,型材,PF02-20（面宽）*35（高度）-3米,6496,根,支,2019-04-15 00:31:32
,方料,21*36.5-3.02米,9155,根,支,2019-04-15 00:30:53
,型材,PF03-20*35-3米（内衬条）,1,根,根,2019-04-14 06:35:23
,方料,30*48-3.02米,9537,根,根,2019-04-14 04:02:54
,型材,PF02-20（面宽）*35（高度）-3米,1,根,,2019-04-13 02:00:32
,型材,PF02-20（面宽）*35（高度）-3米,5,根,,2019-04-13 00:30:03
,型材,LF01-25*45-3米,1000,根,,2019-04-07 09:13:56
,方料,30*48-3.02米,2134,根,根,2019-03-14 14:39:24
,铝合金,508-喷砂拉丝亚黑（6.2米）,736,,根,3/10/19 14:15
,铝合金,350-喷砂拉丝亚黑（6.2米）,960,,根,3/10/19 14:13
,铝合金,350-喷砂三酸拉丝亮金（6.2米）,462,,根,3/10/19 14:12
,铝合金,350-喷砂三酸拉丝亮金（6.2米）,1165,,根,3/10/19 14:11
,型材,PF01-18*33-3米,1086,,根,3/10/19 10:34
,型材,PF07-28*48-3米,233,,根,3/10/19 10:33
,型材,PF22-20（面宽11.4）*40（高度）-3米（烟台蒋）,21,,根,3/10/19 10:33
,型材,PF26-28（面宽）*21（高度）-3米,446,,根,3/10/19 10:32
,型材,PF15-20*60-3米,90,,根,3/10/19 10:31
,型材,LF02-30*50-3.06米,374,,根,3/10/19 10:31
,型材,PF08-48*28-3米,355,,根,3/10/19 10:30
,型材,PF09-20*50.8-3米,281,,根,3/10/19 10:30
,型材,PF05-15*40-3米,2131,,根,3/10/19 10:29
,型材,PF12-22*20-3米,138,,根,3/10/19 10:28
,型材,PF13-13*40-3米,23,,根,3/10/19 10:27
,型材,LF02-30*50-3米,740,,根,3/10/19 10:27
,型材,PF04-15*28-3米,716,,根,3/10/19 10:25
,型材,PF06-28*33-3米,915,,根,3/10/19 10:25
,型材,LF03-30*35-3米,3008,,根,3/10/19 10:23
,型材,PF23-18（面宽）*40（高度）-3米,130,,根,3/10/19 10:22
,型材,LF01-25*45-3米,772,,根,3/10/19 10:21
,方料,21*40-3.02米,1540,,根,3/10/19 9:21
,方料,22*53-3.02米,4232,,根,3/10/19 9:19
,方料,22*53-3.02米,4232,,根,3/10/19 9:18
,方料,22*31-3.02米,3420,,根,3/10/19 9:16
,方料,22*31-3.02米,-3420,,,3/10/19 9:16
,方料,22*31-3.02米,3420,,,3/10/19 9:15
,方料,22*31-3.02米,3420,,,3/10/19 9:14
,方料,19*42-3.05米（无指接松木）,1295,,根,3/10/19 9:11
,方料,13*43-3.02米,1348,,根,3/10/19 9:10
,方料,31*36.5-3.02米,6782,,根,3/10/19 9:10
,方料,21*36.5-3.02米,5918,,根,3/10/19 9:09
,方料,23*41-3.02米,4936,,根,3/10/19 9:09
,方料,16*36.5-1.9米,603,,根,3/10/19 9:06
,方料,15*28-3.02米,1987,,根,3/10/19 9:05
,方料,25*47.5-3.02米,4540,,根,3/10/19 9:04
,方料,21*62-3.02米,221,,根,3/10/19 7:56
,方料,31*53-3.02米,1249,,根,3/10/19 7:52
,方料,31*53-3.02米,-200,,根,3/10/19 7:12
,方料,31*53-3.02米,200,,根,3/7/19 11:29
,方料,30*48-3.02米,1728,,根,3/7/19 11:25
,方料,31*53-3.06米,2940,,根,3/7/19 11:24
,方料,31*53-3.02米,2484,,根,3/7/19 11:20
abcd,方料,19*42-3.05米（无指接松木）,5,,aaaaa,2/11/19 21:22
lycy,方料,19*42-3.05米（无指接松木）,10,,testc,2/11/19 21:17
abcd,方料,45*85-米（无指接松木）,10,,btest,2/11/19 21:17
lycy,方料,19*42-3.05米（无指接松木）,10,,atest,2/11/19 21:16
lycy,方料,31*36.5-3.02米,10,,dtest,2/11/19 21:13
defg,方料,45*85-米（无指接松木）,5,,ctest,2/11/19 21:11
abcd,方料,45*85-米（无指接松木）,10,,btest,2/11/19 21:10
lycy,方料,19*42-3.05米（无指接松木）,10,,atest,2/11/19 21:09
defg,方料,19*35-3.02米,5,,ctest,2/11/19 21:07
abcd,方料,31*53-3.02米,1,,btest,2/11/19 21:07
lycy,方料,31*53-3.06米,10,,atest,2/11/19 21:06
lycy,方料,31*53-3.02米,10,,ctest,2/11/19 20:52
lycy,方料,31*53-3.02米,10,,atest,2/11/19 20:49
lycy,方料,31*36.5-3.02米,10,,atest,2/11/19 20:45
